sample_id,collection_date,collector,utm_east,utm_north,elevation,rock_type,alteration,structure,Au_ppb,Cu_ppm,Pb_ppm,Zn_ppm,As_ppm,sample_weight,qc_flag
FS-0001,2024-03-25,C. Williams,557801.1,7208105.4,1562.6,Granite,Fresh,Brecciated,172.4,78.7,41.7,61.9,30.7,569.7,Passed
FS-0002,2024-05-24,C. Williams,556429.5,7202475.9,1722.3,Diorite,Moderate,Veined,560.1,88.6,168.6,157.9,72.3,716.2,Passed
FS-0003,2024-04-09,C. Williams,551225.1,7204441.6,1347.3,Gneiss,Strong,Foliated,84.3,72.8,139.6,284.8,30.6,996.6,Passed
FS-0004,2024-11-03,A. Smith,551024.8,7206585.6,1460.4,Schist,Fresh,Foliated,109.9,61.4,139.4,179.5,26.7,747.8,Passed
FS-0005,2024-08-01,C. Williams,554156.0,7197202.9,1442.4,Quartzite,Weak,Brecciated,112.5,53.8,147.8,229.8,20.1,426.8,Failed
FS-0006,2024-07-07,A. Smith,549683.8,7200110.6,1581.4,Granite,Fresh,Veined,28.0,26.7,80.9,199.3,23.5,838.1,Passed
FS-0007,2024-04-15,C. Williams,545078.2,7200084.7,1341.7,Quartzite,Intense,Foliated,244.5,105.0,108.7,96.9,48.7,790.1,Passed
FS-0008,2024-08-15,A. Smith,549539.8,7200232.0,1255.3,Schist,Weak,Brecciated,147.0,97.7,175.7,187.8,29.8,1345.6,Passed
FS-0009,2024-10-24,D. Brown,547165.2,7196906.9,1626.7,Diorite,Intense,Massive,645.8,161.4,32.6,260.1,60.5,398.6,Passed
FS-0010,2024-07-02,B. Johnson,549836.2,7200455.8,1376.4,Granite,Weak,Foliated,580.2,82.6,150.5,30.6,94.0,1185.6,Passed
FS-0011,2024-03-14,D. Brown,553486.5,7208504.3,1668.8,Schist,Intense,Foliated,867.3,172.5,71.8,245.9,109.1,1396.1,Passed
FS-0012,2024-09-08,D. Brown,545687.3,7205056.7,1465.9,Basalt,Fresh,Foliated,114.7,41.9,116.3,82.0,31.2,1313.7,Passed
FS-0013,2024-11-07,D. Brown,545280.0,7204873.8,1519.1,Granite,Moderate,Foliated,34.0,72.8,86.3,42.1,16.5,1751.6,Passed
FS-0014,2024-08-14,B. Johnson,557894.7,7199760.7,1354.3,Granite,Fresh,Foliated,31.9,78.6,21.2,289.5,11.6,526.6,Passed
FS-0015,2024-07-13,A. Smith,551192.3,7199863.3,1425.3,Granite,Fresh,Foliated,16.5,97.6,61.2,116.0,14.2,1195.6,Passed
FS-0016,2024-10-01,D. Brown,558706.0,7195279.3,1532.4,Gneiss,Fresh,Foliated,182.5,105.2,105.1,241.4,29.7,456.3,Failed
FS-0017,2024-05-26,B. Johnson,551356.3,7208672.4,1471.0,Granite,Strong,Veined,548.3,85.0,139.2,299.8,65.0,1716.4,Passed
FS-0018,2024-11-10,A. Smith,549814.0,7199959.5,1253.8,Quartzite,Fresh,Foliated,569.0,170.0,130.7,294.5,82.7,1474.0,Passed
FS-0019,2024-06-22,C. Williams,551897.0,7203992.7,1209.5,Quartzite,Weak,Massive,68.5,94.7,133.7,175.4,18.7,1806.6,Passed
FS-0020,2024-04-12,D. Brown,550369.5,7197657.8,1660.8,Quartzite,Fresh,Massive,18.3,43.6,185.1,126.6,10.4,361.9,Passed
FS-0021,2024-06-08,D. Brown,545551.9,7202392.6,1622.4,Gneiss,Weak,Massive,12.7,74.1,117.5,214.2,13.9,1217.3,Passed
FS-0022,2024-05-24,A. Smith,550899.0,7199601.3,1728.6,Quartzite,Moderate,Foliated,647.3,134.8,133.5,260.5,96.8,781.4,Passed
FS-0023,2024-07-04,D. Brown,552758.9,7195652.0,1632.7,Granite,Moderate,Brecciated,162.7,105.8,198.2,90.9,27.5,1441.2,Passed
FS-0024,2024-06-07,B. Johnson,545942.7,7204379.4,1216.7,Schist,Fresh,Veined,434.5,140.7,108.7,93.9,68.5,331.2,Passed
FS-0025,2024-04-21,D. Brown,546283.0,7195910.3,1220.0,Basalt,Fresh,Foliated,43.9,57.8,127.3,141.0,9.5,1756.2,Passed
FS-0026,2024-10-13,D. Brown,558199.1,7204288.5,1403.8,Quartzite,Fresh,Brecciated,,73.7,169.7,274.2,9.9,426.8,Failed
FS-0027,2024-07-12,D. Brown,554312.8,7197788.9,1282.6,Granite,Fresh,Foliated,28.2,93.2,157.3,69.8,20.5,755.6,Passed
FS-0028,2024-07-12,A. Smith,554865.2,7197169.0,1342.4,Gneiss,Fresh,Brecciated,67.6,82.0,98.8,217.0,13.6,1733.6,Passed
FS-0029,2024-07-14,C. Williams,549153.8,7200249.9,1225.3,Diorite,Fresh,Foliated,465.4,141.7,163.4,131.5,56.4,920.6,Passed
FS-0030,2024-08-01,A. Smith,553320.4,7197136.0,1464.2,Quartzite,Intense,Veined,266.9,87.6,43.9,35.8,53.7,1717.2,Passed
FS-0031,2024-03-27,B. Johnson,556811.2,7196664.5,1761.7,Basalt,Strong,Foliated,175.1,91.6,92.4,222.0,29.0,413.3,Passed
FS-0032,2024-06-07,D. Brown,549769.3,7201443.1,1581.7,Granite,Intense,Foliated,828.3,133.8,34.0,167.2,83.6,1251.3,Passed
FS-0033,2024-06-24,A. Smith,556865.0,7204223.3,1300.5,Schist,Intense,Veined,497.7,134.8,104.0,102.5,61.6,921.7,Passed
FS-0034,2024-06-08,B. Johnson,548515.8,7198278.9,1455.0,Schist,Intense,Foliated,1154.7,,76.8,187.7,143.9,1037.5,Passed
FS-0035,2024-09-15,D. Brown,550512.7,7202463.1,1363.8,Granite,Weak,Brecciated,13.8,62.8,132.3,242.2,7.7,1867.9,Passed
FS-0036,2024-04-03,C. Williams,550101.6,7200314.9,1397.5,Basalt,Moderate,Foliated,265.1,86.9,154.6,70.3,46.8,915.5,Passed
FS-0037,2024-06-16,B. Johnson,556789.6,7206364.3,1633.5,Schist,Moderate,Massive,101.1,63.8,116.1,131.2,29.0,1239.5,Passed
FS-0038,2024-07-24,A. Smith,554882.7,7200319.9,1335.3,Schist,Strong,Veined,294.7,117.5,72.7,200.1,58.6,1285.4,Passed
FS-0039,2024-09-07,D. Brown,549571.0,7200371.4,1397.3,Schist,Moderate,Massive,61.8,28.8,47.8,276.1,23.1,894.6,Passed
FS-0040,2024-06-10,A. Smith,550529.8,7195165.7,1396.1,Schist,Strong,Foliated,145.0,100.7,68.9,250.8,34.1,1396.6,Passed
FS-0041,2024-07-19,B. Johnson,555272.5,7199131.6,1204.5,Diorite,Strong,Massive,1023.1,167.3,97.9,40.6,109.5,364.0,Passed
FS-0042,2024-08-23,C. Williams,557351.4,7207747.7,1449.0,Diorite,Intense,Brecciated,155.5,109.9,55.5,265.0,28.0,692.8,Failed
FS-0043,2024-07-22,A. Smith,555836.1,7198258.8,1496.1,Gneiss,Fresh,Veined,394.2,96.6,23.9,217.5,52.8,1549.5,Passed
FS-0044,2024-08-24,D. Brown,550950.1,7195161.1,1268.8,Diorite,Moderate,Brecciated,145.8,51.0,165.9,257.2,25.9,507.1,Passed
FS-0045,2024-04-06,C. Williams,549983.7,7199696.7,1602.8,Granite,Moderate,Foliated,309.2,87.1,19.1,201.4,58.6,1141.2,Passed
FS-0046,2024-09-23,C. Williams,553973.1,7195730.0,1426.4,Diorite,Weak,Veined,480.5,115.0,139.2,47.1,44.4,1925.7,Passed
FS-0047,2024-05-24,B. Johnson,549083.4,7199927.9,1393.6,Quartzite,Weak,Foliated,856.8,104.5,12.8,206.6,102.7,221.6,Passed
FS-0048,2024-10-08,A. Smith,549176.9,7204358.6,1226.4,Diorite,Strong,Veined,1000.9,217.2,118.1,98.0,165.2,370.5,Passed
FS-0049,2024-09-22,B. Johnson,554530.3,7208259.5,1390.8,Quartzite,Strong,Massive,121.4,52.1,121.6,296.9,25.4,618.7,Passed
FS-0050,2024-07-08,D. Brown,554296.5,7195898.8,1424.7,Basalt,Weak,Foliated,27.6,59.3,176.7,66.3,18.5,771.6,Passed
FS-0051,2024-11-26,D. Brown,549326.8,7195355.4,1708.2,Basalt,Moderate,Foliated,823.3,118.4,129.7,47.4,96.8,1085.0,Passed
FS-0052,2024-03-21,B. Johnson,546883.4,7197605.1,1529.3,Diorite,Weak,Massive,39.4,72.2,67.6,185.6,11.6,1941.9,Passed
FS-0053,2024-07-28,D. Brown,550496.5,7199913.5,1300.7,Schist,Strong,Brecciated,5350.1,572.6,154.2,278.8,730.5,1271.3,Passed
FS-0054,2024-11-24,B. Johnson,549464.5,7200124.5,1425.1,Gneiss,Strong,Massive,165.0,98.9,148.8,131.0,34.2,928.2,Passed
FS-0055,2024-09-24,C. Williams,549617.2,7209812.8,1242.7,Granite,Fresh,Brecciated,325.5,85.5,21.0,134.0,49.6,963.3,Passed
FS-0056,2024-06-16,A. Smith,550421.2,7205598.4,1217.0,Quartzite,Weak,Veined,5134.0,618.6,40.7,61.5,472.4,366.2,Passed
FS-0057,2024-09-23,A. Smith,547832.3,7201344.2,1697.8,Basalt,Moderate,Brecciated,261.3,62.6,118.8,245.3,53.5,1665.6,Passed
FS-0058,2024-06-24,D. Brown,545096.3,7197526.0,1495.0,Granite,Fresh,Brecciated,56.6,81.4,47.6,79.1,15.0,1907.3,Passed
FS-0059,2024-06-06,B. Johnson,550346.1,7200769.4,1355.6,Schist,Strong,Massive,960.1,126.2,121.3,159.0,107.2,1411.0,Passed
FS-0060,2024-03-02,C. Williams,545108.4,7203736.7,1792.6,Granite,Weak,Massive,32.1,83.7,124.8,120.9,13.7,1427.3,Passed
FS-0061,2024-08-27,B. Johnson,554976.2,7200676.5,1234.3,Basalt,Moderate,Massive,53.9,66.2,190.7,232.9,13.2,647.4,Passed
FS-0062,2024-10-17,D. Brown,545046.9,7204571.1,1765.2,Basalt,Fresh,Veined,702.3,167.2,76.2,283.6,79.9,1894.7,Passed
FS-0063,2024-04-24,D. Brown,550094.0,7200261.6,1512.0,Gneiss,Intense,Massive,193.9,69.9,32.0,208.9,41.1,633.6,Passed
FS-0064,2024-05-25,A. Smith,550121.7,7199994.9,1757.4,Basalt,Strong,Veined,314.4,52.8,111.6,225.9,54.1,362.8,Passed
FS-0065,2024-06-19,A. Smith,550655.2,7205761.6,1641.6,Schist,Intense,Brecciated,691.9,125.7,188.1,231.0,67.3,409.0,Passed
FS-0066,2024-05-28,C. Williams,553653.8,7195025.2,1237.1,Gneiss,Weak,Brecciated,,82.3,124.3,90.0,32.9,911.6,Failed
FS-0067,2024-10-11,B. Johnson,549452.4,7198283.6,1608.0,Diorite,Intense,Veined,81.4,53.5,198.2,63.3,26.6,1994.3,Passed
FS-0068,2024-06-16,C. Williams,550650.6,7209717.1,1399.9,Quartzite,Weak,Foliated,71.9,58.5,197.0,208.0,17.8,1727.3,Passed
FS-0069,2024-11-13,C. Williams,552101.3,7200224.6,1434.8,Granite,Intense,Veined,1072.7,221.5,20.3,282.3,103.0,747.3,Passed
FS-0070,2024-05-15,D. Brown,550215.3,7200276.9,1649.0,Quartzite,Fresh,Veined,997.3,167.6,91.2,257.2,147.0,1866.8,Passed
FS-0071,2024-08-16,B. Johnson,546760.2,7202731.5,1403.1,Schist,Weak,Brecciated,30.4,37.1,151.6,239.5,12.8,1984.1,Passed
FS-0072,2024-10-28,D. Brown,549726.6,7199607.4,1272.0,Granite,Fresh,Brecciated,3540.8,550.5,141.8,55.5,352.8,1267.2,Passed
FS-0073,2024-10-21,D. Brown,550313.1,7200314.1,1628.3,Gneiss,Weak,Brecciated,307.6,98.0,145.6,243.3,54.4,423.4,Passed
FS-0074,2024-04-06,B. Johnson,549589.3,7200141.4,1223.5,Gneiss,Weak,Foliated,96.6,50.6,193.6,76.3,19.1,1958.8,Passed
FS-0075,2024-06-10,A. Smith,552791.6,7206742.0,1595.5,Schist,Weak,Brecciated,100.8,47.2,28.8,251.3,25.3,626.8,Passed
FS-0076,2024-05-10,B. Johnson,554032.2,7198240.6,1415.4,Diorite,Intense,Brecciated,131.3,38.7,58.3,144.8,32.6,1450.1,Failed
FS-0077,2024-06-03,C. Williams,555452.0,7197889.4,1423.3,Quartzite,Intense,Foliated,297.4,86.7,24.7,63.6,56.0,398.0,Failed
FS-0078,2024-09-03,C. Williams,550442.3,7200002.8,1364.0,Diorite,Moderate,Massive,260.9,112.5,28.2,124.2,48.6,1229.9,Passed
FS-0079,2024-11-09,A. Smith,547561.2,7209197.7,1433.7,Basalt,Intense,Brecciated,334.4,54.3,82.0,228.6,39.7,295.2,Passed
FS-0080,2024-06-22,D. Brown,547746.6,7209793.7,1679.1,Gneiss,Moderate,Veined,1515.4,189.5,26.5,112.5,216.3,1587.0,Passed
FS-0081,2024-04-03,B. Johnson,547476.7,7195861.2,1646.0,Gneiss,Strong,Massive,990.2,158.6,199.6,269.8,130.4,1456.2,Passed
FS-0082,2024-03-20,B. Johnson,556188.8,7205712.4,1621.6,Quartzite,Moderate,Foliated,36.1,96.7,43.2,129.1,22.3,440.0,Passed
FS-0083,2024-03-14,D. Brown,550599.3,7196698.5,1748.4,Diorite,Intense,Massive,174.4,70.8,185.4,280.9,22.2,1926.4,Failed
FS-0084,2024-03-15,D. Brown,550555.0,7200020.6,1379.0,Granite,Fresh,Veined,910.5,,107.7,71.5,102.0,422.9,Passed
FS-0085,2024-03-05,C. Williams,549666.2,7200257.7,1457.0,Diorite,Intense,Veined,211.7,73.4,78.3,265.0,36.8,557.2,Passed
FS-0086,2024-07-02,B. Johnson,556158.9,7208515.0,1296.2,Diorite,Strong,Veined,111.2,87.9,158.3,138.0,28.0,1506.8,Passed
FS-0087,2024-05-04,A. Smith,546891.9,7200161.8,1208.2,Quartzite,Weak,Massive,79.6,50.7,102.3,235.4,27.9,645.9,Passed
FS-0088,2024-11-06,B. Johnson,550293.3,7200258.7,1620.6,Quartzite,Strong,Foliated,366.2,75.0,172.4,199.8,47.9,467.7,Passed
FS-0089,2024-05-13,A. Smith,550099.9,7200262.8,1210.6,Diorite,Fresh,Massive,162.3,66.7,21.7,145.3,40.6,293.0,Passed
FS-0090,2024-07-12,C. Williams,555673.8,7198704.5,1737.1,Diorite,Fresh,Massive,19.6,97.3,79.1,112.2,9.3,374.4,Passed
FS-0091,2024-11-25,B. Johnson,556119.4,7200420.8,1667.3,Gneiss,Intense,Veined,268.9,88.8,124.3,41.1,38.8,1943.0,Passed
FS-0092,2024-06-23,D. Brown,546123.2,7203198.7,1405.7,Quartzite,Strong,Foliated,267.6,122.6,154.3,258.4,35.1,1208.6,Passed
FS-0093,2024-08-15,A. Smith,546015.6,7201285.1,1758.8,Gneiss,Fresh,Foliated,87.6,92.8,141.8,230.0,13.5,915.5,Failed
FS-0094,2024-11-03,B. Johnson,552639.2,7203437.5,1434.1,Gneiss,Moderate,Foliated,78.7,93.5,96.5,221.1,22.9,1145.1,Passed
FS-0095,2024-06-10,C. Williams,547566.6,7195684.2,1342.9,Granite,Weak,Veined,546.2,129.5,111.6,30.4,88.6,825.4,Passed
FS-0096,2024-08-03,C. Williams,551125.1,7204172.2,1394.8,Granite,Fresh,Veined,4099.0,360.5,82.6,206.5,567.9,1766.0,Failed
FS-0097,2024-06-27,D. Brown,549922.2,7200655.5,1684.6,Schist,Weak,Brecciated,46.5,37.7,45.2,262.8,23.5,539.9,Passed
FS-0098,2024-05-21,C. Williams,550162.7,7200267.1,1436.5,Gneiss,Weak,Massive,86.1,85.9,36.1,232.6,24.3,221.2,Passed
FS-0099,2024-09-13,A. Smith,550938.7,7200080.1,1760.8,Diorite,Weak,Massive,569.5,144.3,172.0,52.9,62.8,450.6,Passed
FS-0100,2024-05-10,C. Williams,548657.1,7203152.9,1360.5,Gneiss,Fresh,Massive,93.1,43.2,183.3,36.5,22.1,968.8,Passed
FS-0101,2024-08-21,C. Williams,550357.1,7199660.4,1730.5,Granite,Strong,Foliated,-31.2,212.9,26.1,41.7,124.3,472.0,Passed
FS-0102,2024-05-22,D. Brown,549789.6,7199632.3,1690.5,Basalt,Fresh,Veined,592.3,115.0,70.8,135.5,66.5,1498.4,Passed
FS-0103,2024-04-04,D. Brown,549177.1,7196356.7,1796.9,Diorite,Strong,Veined,233.6,75.5,162.4,206.6,41.2,642.6,Passed
FS-0104,2024-11-16,D. Brown,557321.1,7200769.4,1548.6,Schist,Intense,Foliated,552.0,98.5,191.9,278.6,64.2,307.2,Passed
FS-0105,2024-08-28,B. Johnson,550604.6,7200770.8,1783.1,Schist,Weak,Foliated,438.6,115.5,135.9,49.9,55.4,1707.4,Passed
FS-0106,2024-03-05,C. Williams,550002.5,7200079.2,1698.6,Schist,Weak,Foliated,,100.8,94.4,204.1,46.8,223.8,Passed
FS-0107,2024-05-02,A. Smith,547603.7,7197405.2,1437.8,Schist,Strong,Veined,1694.3,220.8,109.1,294.0,231.0,425.2,Passed
FS-0108,2024-09-20,A. Smith,550335.0,7200757.0,1535.6,Granite,Strong,Brecciated,183.9,94.6,47.0,59.3,32.8,340.1,Passed
FS-0109,2024-03-08,C. Williams,550270.7,7200214.0,1206.6,Basalt,Weak,Foliated,319.5,98.7,160.1,42.3,51.2,766.2,Passed
FS-0110,2024-03-12,C. Williams,552503.2,7199717.1,1434.4,Basalt,Weak,Massive,5,22.5,161.3,158.8,13.1,1763.9,Passed
FS-0111,2024-07-06,B. Johnson,546181.3,7204389.3,1771.7,Diorite,Weak,Foliated,86.6,82.4,186.7,122.2,25.5,1613.6,Passed
FS-0112,2024-07-12,D. Brown,549824.3,7199262.9,1343.5,Gneiss,Intense,Massive,3375.0,287.8,68.8,264.2,511.4,1635.3,Passed
FS-0113,2024-10-04,D. Brown,559010.8,7197422.1,1368.1,Basalt,Moderate,Massive,40.4,53.1,64.5,140.4,25.5,1315.4,Passed
FS-0114,2024-10-12,C. Williams,555233.0,7202589.1,1357.7,Quartzite,Fresh,Massive,86.5,54.3,40.1,137.8,17.0,331.4,Passed
FS-0115,2024-10-22,A. Smith,552027.3,7203026.7,1691.0,Granite,Fresh,Foliated,23.2,78.5,100.5,105.2,22.3,268.9,Passed
FS-0116,2024-10-05,B. Johnson,545469.8,7204016.2,1428.2,Basalt,Strong,Brecciated,134.0,52.7,43.5,68.3,27.3,693.0,Passed
FS-0117,2024-07-28,D. Brown,552871.7,7205044.7,1355.7,Granite,Fresh,Brecciated,16.7,59.6,140.9,73.4,11.8,1454.0,Passed
FS-0118,2024-09-27,A. Smith,558406.7,7197978.4,1633.6,Gneiss,Intense,Foliated,634.0,134.7,31.6,291.9,69.3,931.5,Failed
FS-0119,2024-03-15,B. Johnson,554583.7,7203675.7,1221.9,Quartzite,Weak,Brecciated,222.7,52.4,139.1,287.9,35.4,866.5,Passed
FS-0120,2024-03-10,C. Williams,558016.4,7205489.8,1589.3,Schist,Strong,Brecciated,56.9,99.1,97.2,130.7,25.9,1195.0,Passed
FS-0121,2024-11-14,D. Brown,549593.8,7199363.5,1580.5,Quartzite,Intense,Massive,79.0,88.0,186.2,56.9,20.9,999.4,Passed
FS-0122,2024-07-28,D. Brown,550106.4,7199375.7,1268.7,Schist,Fresh,Veined,174.1,60.5,52.5,106.6,38.6,1783.3,Passed
FS-0123,2024-07-27,D. Brown,545062.4,7208635.9,1219.6,Granite,Weak,Veined,674.3,115.4,91.7,180.0,98.7,904.5,Passed
FS-0124,2024-03-26,D. Brown,549098.2,7198960.4,1304.2,Basalt,Intense,Foliated,488.2,136.7,170.2,199.4,79.0,668.4,Failed
FS-0125,2024-05-11,B. Johnson,550075.2,7200012.2,1662.0,Diorite,Fresh,Massive,283.7,113.6,45.4,206.2,57.0,599.2,Passed
FS-0126,2024-11-27,B. Johnson,557106.5,7200671.6,1356.3,Granite,Moderate,Massive,263.8,57.0,63.7,271.5,34.9,367.0,Passed
FS-0127,2024-08-27,B. Johnson,552365.6,7195329.4,1244.1,Quartzite,Fresh,Foliated,83.6,44.8,11.9,78.2,27.1,1221.1,Passed
FS-0128,2024-04-11,C. Williams,554210.1,7203197.2,1295.0,Quartzite,Moderate,Massive,28.1,39.3,72.2,89.3,20.6,1509.9,Passed
FS-0129,2024-07-09,D. Brown,550657.2,7200428.6,1591.2,Schist,Strong,Brecciated,466.6,144.6,63.4,136.1,51.2,1250.6,Passed
FS-0130,2024-05-26,B. Johnson,552317.5,7208242.9,1454.2,Quartzite,Moderate,Veined,513.2,116.8,22.2,75.2,70.0,260.8,Failed
FS-0131,2024-07-19,D. Brown,550333.5,7199362.2,1779.1,Basalt,Strong,Massive,387.8,66.4,69.7,32.6,45.9,1438.9,Passed
FS-0132,2024-06-15,C. Williams,553424.6,7200783.9,1561.1,Gneiss,Weak,Massive,72.3,74.1,132.8,214.2,27.7,983.4,Passed
FS-0133,2024-06-07,A. Smith,552479.8,7209853.9,1452.7,Granite,Strong,Foliated,382.6,106.2,119.4,31.3,42.3,1031.2,Passed
FS-0134,2024-09-02,A. Smith,545244.1,7202048.4,1697.9,Schist,Moderate,Veined,185.7,,66.7,295.7,32.5,1088.0,Passed
FS-0135,2024-08-20,A. Smith,550069.0,7200021.4,1263.1,Basalt,Strong,Foliated,223.6,128.7,187.5,264.4,42.5,667.4,Passed
FS-0136,2024-04-02,C. Williams,549670.8,7200604.9,1687.5,Basalt,Weak,Foliated,294.2,119.4,180.1,202.0,37.3,1402.8,Failed
FS-0137,2024-11-08,D. Brown,559645.2,7199828.7,1638.5,Diorite,Fresh,Veined,973.2,149.0,172.6,217.6,119.4,335.3,Passed
FS-0138,2024-03-07,A. Smith,552022.3,7200775.9,1492.6,Basalt,Weak,Veined,382.9,131.6,51.6,128.2,50.1,1955.1,Failed
FS-0139,2024-06-25,D. Brown,549947.9,7200294.9,1384.3,Gneiss,Fresh,Foliated,231.9,63.8,100.5,173.3,25.6,833.5,Passed
FS-0140,2024-11-03,C. Williams,547259.3,7202532.9,1504.8,Granite,Strong,Veined,316.2,59.0,43.6,104.5,52.7,1293.4,Failed
FS-0141,2024-09-04,A. Smith,559384.6,7198293.7,1231.9,Granite,Intense,Veined,191.9,74.6,84.6,89.4,37.3,1683.3,Passed
FS-0142,2024-10-07,B. Johnson,550214.5,7199319.9,1557.8,Quartzite,Fresh,Massive,111.6,82.7,41.7,119.7,30.9,1019.4,Passed
FS-0143,2024-10-14,C. Williams,551018.8,7199834.5,1302.4,Granite,Intense,Veined,681.6,171.1,168.7,171.8,77.0,501.1,Passed
FS-0144,2024-04-04,C. Williams,550035.2,7202359.9,1410.5,Gneiss,Moderate,Brecciated,68.7,67.4,136.1,263.6,19.0,1718.7,Passed
FS-0145,2024-04-09,A. Smith,549701.8,7200188.4,1796.5,Basalt,Strong,Massive,82.8,45.4,191.4,202.5,22.7,1937.8,Failed
FS-0146,2024-10-17,B. Johnson,549549.0,7199056.0,1434.6,Schist,Moderate,Veined,,93.5,117.7,244.0,35.8,824.6,Passed
FS-0147,2024-03-16,B. Johnson,547253.4,7209500.1,1574.3,Quartzite,Weak,Veined,195.2,101.1,33.5,161.9,31.5,209.2,Passed
FS-0148,2024-03-02,C. Williams,550634.5,7199394.5,1501.2,Gneiss,Weak,Massive,383.0,94.4,16.1,281.9,61.8,647.7,Passed
FS-0149,2024-09-13,A. Smith,558802.9,7203955.6,1304.0,Schist,Moderate,Foliated,222.2,45.5,117.7,199.6,33.2,1182.5,Passed
FS-0150,2024-09-04,B. Johnson,555412.0,7202557.2,1611.1,Basalt,Strong,Veined,322.9,130.4,90.0,234.1,40.5,1307.4,Passed
FS-0151,2024-06-19,C. Williams,549378.1,7199826.6,1376.0,Schist,Weak,Brecciated,430.4,81.5,61.3,296.3,70.2,392.7,Passed
FS-0152,2024-07-19,D. Brown,557964.7,7196821.6,1550.8,Gneiss,Fresh,Foliated,53.3,78.2,39.4,199.6,14.9,1494.5,Passed
FS-0153,2024-10-20,B. Johnson,550680.4,7200000.2,1272.6,Granite,Weak,Foliated,254.1,59.8,54.6,258.9,46.3,668.5,Passed
FS-0154,2024-04-14,B. Johnson,547772.1,7207278.3,1594.5,Diorite,Intense,Foliated,330.4,106.3,84.3,218.4,61.3,393.2,Passed
FS-0155,2024-09-05,A. Smith,550361.8,7200340.3,1548.3,Granite,Intense,Brecciated,2445.6,387.4,172.6,165.9,328.6,827.9,Failed
FS-0156,2024-09-17,A. Smith,550424.1,7200594.7,1537.9,Schist,Weak,Veined,1673.6,271.5,192.9,193.6,248.1,524.7,Failed
FS-0157,2024-11-09,B. Johnson,553832.8,7203710.9,1550.7,Schist,Fresh,Massive,12.6,39.6,156.6,277.7,16.6,1632.1,Passed
FS-0158,2024-05-24,D. Brown,551300.8,7195965.5,1567.1,Granite,Fresh,Massive,42.6,31.8,95.4,66.0,10.7,1347.3,Failed
FS-0159,2024-06-07,C. Williams,555182.7,7198382.4,1645.3,Schist,Intense,Foliated,830.9,191.8,110.3,81.3,101.5,573.5,Passed
FS-0160,2024-11-12,C. Williams,553380.5,7197068.1,1240.3,Schist,Strong,Massive,286.4,52.7,112.7,36.1,39.8,1678.4,Passed
FS-0161,2024-07-13,C. Williams,550907.3,7199051.5,1244.9,Gneiss,Weak,Veined,333.0,125.9,60.0,38.1,49.6,808.5,Passed
FS-0162,2024-06-11,A. Smith,549221.8,7199762.8,1754.5,Quartzite,Fresh,Foliated,236.2,114.5,75.7,49.1,42.4,949.2,Passed
FS-0163,2024-11-16,B. Johnson,550130.0,7200034.9,1504.6,Quartzite,Moderate,Brecciated,293.5,61.6,158.5,83.0,49.9,1294.7,Passed
FS-0164,2024-03-18,D. Brown,550075.8,7199232.7,1457.8,Schist,Intense,Foliated,4302.9,613.3,27.5,32.7,460.3,943.5,Failed
FS-0165,2024-03-26,A. Smith,548748.8,7195853.3,1234.0,Schist,Weak,Veined,60.0,73.5,101.0,63.0,16.2,338.2,Passed
FS-0166,2024-11-07,D. Brown,557201.4,7208464.6,1715.3,Schist,Moderate,Veined,591.9,124.0,105.7,44.6,87.3,1820.8,Passed
FS-0167,2024-07-03,B. Johnson,557621.4,7202814.9,1383.0,Gneiss,Weak,Massive,15.2,73.8,96.2,60.8,21.0,1098.0,Passed
FS-0168,2024-07-09,D. Brown,559476.4,7195895.8,1712.7,Schist,Strong,Massive,687.4,105.9,19.9,112.4,65.2,1174.8,Passed
FS-0169,2024-03-20,C. Williams,558611.7,7207153.7,1554.6,Granite,Moderate,Brecciated,488.4,139.8,111.6,144.4,90.6,1494.6,Failed
FS-0170,2024-07-06,D. Brown,559889.2,7198573.4,1744.6,Basalt,Moderate,Massive,66.3,45.4,134.1,238.3,14.6,222.2,Passed
FS-0171,2024-08-27,C. Williams,551657.1,7195259.0,1205.3,Granite,Moderate,Brecciated,255.6,108.7,114.8,287.4,41.5,992.8,Passed
FS-0172,2024-07-09,D. Brown,549807.5,7199794.1,1570.8,Granite,Weak,Massive,346.1,93.8,53.3,287.0,51.6,1985.5,Passed
FS-0173,2024-03-22,C. Williams,545671.0,7198520.5,1265.5,Gneiss,Strong,Massive,256.3,85.5,132.0,266.5,36.9,457.5,Passed
FS-0174,2024-08-11,D. Brown,550620.7,7209137.2,1376.4,Granite,Weak,Veined,529.9,119.9,75.4,88.0,78.1,1695.3,Passed
FS-0175,2024-05-13,A. Smith,559379.4,7209884.8,1539.2,Gneiss,Intense,Brecciated,377.7,113.7,108.9,115.6,70.4,551.0,Passed
FS-0176,2024-06-11,B. Johnson,559662.1,7198463.4,1388.9,Granite,Weak,Brecciated,34.7,72.3,95.3,143.1,22.7,1224.8,Passed
FS-0177,2024-11-08,D. Brown,554988.5,7204083.2,1677.5,Basalt,Moderate,Massive,43.4,86.6,181.0,266.6,20.1,227.9,Passed
FS-0178,2024-09-09,D. Brown,546896.0,7195511.1,1458.9,Quartzite,Weak,Massive,32.9,94.1,180.7,189.7,19.6,1309.9,Passed
FS-0179,2024-04-24,C. Williams,558660.1,7204462.5,1644.4,Schist,Moderate,Brecciated,543.8,129.1,38.9,32.1,84.9,1267.5,Passed
FS-0180,2024-09-11,D. Brown,549930.5,7199601.3,1663.8,Diorite,Moderate,Brecciated,187.3,78.0,71.3,116.0,40.4,521.1,Passed
FS-0181,2024-03-27,B. Johnson,549173.8,7208193.8,1388.6,Basalt,Moderate,Foliated,60.9,98.5,197.9,233.4,25.0,1864.1,Passed
FS-0182,2024-05-04,B. Johnson,552630.5,7197532.8,1559.0,Granite,Intense,Foliated,2049.5,302.8,30.8,220.7,281.8,1720.5,Passed
FS-0183,2024-09-16,C. Williams,550263.7,7200306.0,1601.2,Basalt,Fresh,Foliated,446.4,110.3,157.6,220.8,60.7,766.7,Passed
FS-0184,2024-09-04,C. Williams,549109.6,7199659.2,1575.6,Quartzite,Fresh,Foliated,92.1,,164.6,228.1,28.5,708.7,Passed
FS-0185,2024-04-17,B. Johnson,550582.5,7200262.0,1325.1,Diorite,Fresh,Brecciated,575.7,113.0,191.3,267.0,80.0,1713.2,Passed
FS-0186,2024-10-16,D. Brown,553151.2,7199431.3,1331.4,Basalt,Strong,Brecciated,,37.9,142.4,220.3,21.0,1592.6,Passed
FS-0187,2024-10-20,D. Brown,545434.4,7199018.9,1329.1,Schist,Fresh,Veined,109.8,103.1,61.0,226.6,23.4,811.7,Passed
FS-0188,2024-07-15,D. Brown,550439.9,7199563.6,1667.7,Granite,Intense,Veined,175.7,98.3,73.3,125.2,31.1,1578.8,Passed
FS-0189,2024-03-17,B. Johnson,547976.6,7197354.9,1521.4,Quartzite,Weak,Veined,138.4,30.3,188.7,57.7,37.3,916.3,Passed
FS-0190,2024-03-06,C. Williams,548450.1,7206586.2,1348.4,Basalt,Fresh,Brecciated,67.9,30.4,147.2,235.8,18.0,947.7,Passed
FS-0191,2024-11-20,B. Johnson,549576.5,7199737.9,1698.9,Basalt,Moderate,Brecciated,357.7,101.5,99.6,108.6,43.5,367.5,Passed
FS-0192,2024-11-09,D. Brown,549826.6,7199431.5,1429.4,Schist,Strong,Veined,2910.0,262.1,94.9,158.7,338.6,396.1,Passed
FS-0193,2024-08-05,A. Smith,550486.0,7200874.3,1493.9,Diorite,Fresh,Foliated,89.6,35.5,103.7,141.2,28.0,1532.9,Passed
FS-0194,2024-03-11,D. Brown,549022.2,7198138.4,1537.4,Schist,Intense,Brecciated,139.2,102.8,198.6,52.0,29.9,389.1,Passed
FS-0195,2024-09-05,A. Smith,549996.5,7199698.6,1462.6,Granite,Fresh,Brecciated,244.5,85.2,11.8,61.7,35.6,1992.3,Passed
FS-0196,2024-11-11,C. Williams,547489.2,7199353.0,1611.0,Gneiss,Moderate,Veined,282.4,133.7,41.2,223.1,45.3,1053.0,Passed
FS-0197,2024-09-06,B. Johnson,559899.7,7195084.0,1620.9,Diorite,Fresh,Brecciated,36.7,68.0,52.9,199.8,11.5,1870.2,Passed
FS-0198,2024-07-27,D. Brown,549586.3,7204367.5,1442.0,Basalt,Intense,Foliated,606.4,142.0,155.6,119.1,66.2,1589.6,Passed
FS-0199,2024-10-07,B. Johnson,550039.8,7200346.9,1757.7,Gneiss,Weak,Foliated,13.6,74.5,72.1,165.1,13.8,411.1,Failed
FS-0200,2024-09-13,D. Brown,550324.9,7207579.7,1390.2,Granite,Intense,Foliated,2541.8,335.3,140.2,180.6,366.2,983.7,Passed
FS-0201,2024-05-01,C. Williams,556561.2,7200189.9,1454.4,Gneiss,Intense,Foliated,95790.4,88.2,11.1,113.8,41.4,369.4,Passed
FS-0202,2024-11-01,C. Williams,549910.9,7200563.7,1226.4,Quartzite,Moderate,Veined,780.3,178.3,17.3,37.8,106.4,1809.7,Passed
FS-0203,2024-05-28,B. Johnson,550127.1,7199782.2,1466.0,Quartzite,Fresh,Veined,88.0,30.9,169.1,259.0,21.0,769.7,Passed
FS-0204,2024-08-17,A. Smith,551047.6,7207565.8,1601.8,Granite,Weak,Foliated,76.8,66.3,42.9,231.6,17.7,1708.1,Passed
FS-0205,2024-07-09,C. Williams,549070.4,7200200.1,1251.7,Schist,Fresh,Massive,601.0,87.8,42.2,32.8,61.5,1348.3,Passed
FS-0206,2024-04-24,B. Johnson,555213.4,7209139.9,1718.8,Quartzite,Weak,Veined,105.2,98.6,43.7,109.6,19.1,1455.6,Passed
FS-0207,2024-04-16,C. Williams,550232.9,7204627.4,1469.8,Quartzite,Weak,Massive,321.1,99.5,132.7,214.1,42.7,719.6,Passed
FS-0208,2024-11-18,C. Williams,550056.6,7199617.7,1480.6,Granite,Fresh,Foliated,230.8,118.1,71.3,58.2,37.1,846.0,Passed
FS-0209,2024-05-14,D. Brown,554718.2,7196503.1,1747.9,Basalt,Weak,Brecciated,69.1,83.0,148.9,157.9,21.9,638.5,Passed
FS-0210,2024-08-16,D. Brown,559561.5,7208161.5,1657.9,Gneiss,Fresh,Brecciated,42.0,36.4,67.1,191.1,19.0,1455.7,Failed
FS-0211,2024-06-19,B. Johnson,549367.2,7201099.0,1782.2,Basalt,Weak,Veined,367.5,92.1,25.3,93.8,36.6,566.0,Passed
FS-0212,2024-06-05,C. Williams,550123.7,7200193.2,1529.9,Schist,Weak,Brecciated,1386.8,124.1,155.0,66.1,195.9,1591.9,Passed
FS-0213,2024-09-20,D. Brown,550203.0,7205048.2,1782.1,Granite,Weak,Foliated,103.6,91.4,183.8,204.3,28.1,448.5,Passed
FS-0214,2024-03-07,C. Williams,550093.8,7204810.7,1455.4,Basalt,Moderate,Brecciated,267.6,71.8,108.3,58.7,45.6,1651.2,Passed
FS-0215,2024-04-21,D. Brown,545183.4,7199785.4,1544.8,Schist,Strong,Massive,138.1,52.3,130.5,193.0,31.5,1644.4,Passed
FS-0216,2024-11-12,D. Brown,557662.5,7209576.6,1267.0,Diorite,Strong,Brecciated,403.9,107.2,98.3,40.8,61.1,1762.2,Passed
FS-0217,2024-08-02,C. Williams,549781.1,7200357.3,1691.5,Gneiss,Moderate,Foliated,190.5,40.9,149.1,173.4,30.7,913.2,Passed
FS-0218,2024-04-18,A. Smith,550358.4,7200460.0,1735.6,Basalt,Strong,Foliated,509.2,133.3,164.4,57.3,58.0,1122.7,Passed
FS-0219,2024-08-21,C. Williams,545335.8,7209255.4,1354.1,Quartzite,Fresh,Brecciated,76.9,70.8,50.9,282.6,25.8,694.6,Passed
FS-0220,2024-07-17,A. Smith,558646.2,7205173.1,1363.6,Schist,Weak,Massive,205.1,96.1,28.5,90.7,32.3,1476.2,Passed
FS-0221,2024-04-20,C. Williams,554139.7,7201909.7,1452.5,Gneiss,Moderate,Brecciated,136.5,49.3,172.3,164.7,24.0,1158.0,Passed
FS-0222,2024-09-09,D. Brown,550785.3,7198951.2,1578.8,Gneiss,Moderate,Massive,254.9,85.9,41.7,124.9,41.1,976.8,Passed
FS-0223,2024-07-18,D. Brown,550629.3,7203063.9,1427.1,Granite,Fresh,Brecciated,58.0,59.0,87.6,232.8,21.9,952.7,Passed
FS-0224,2024-08-25,C. Williams,554963.5,7205302.7,1579.9,Quartzite,Moderate,Brecciated,68.0,41.7,175.9,138.0,18.3,206.0,Passed
FS-0225,2024-10-21,B. Johnson,546474.8,7203702.4,1450.9,Schist,Strong,Foliated,462.0,132.6,149.1,285.3,55.7,785.0,Passed
FS-0226,2024-05-19,D. Brown,559277.7,7195340.8,1560.8,Quartzite,Strong,Foliated,,132.9,185.1,117.1,72.3,727.4,Passed
FS-0227,2024-06-19,D. Brown,555255.1,7201654.8,1345.1,Diorite,Strong,Massive,51.8,58.4,108.8,157.0,20.6,893.6,Passed
FS-0228,2024-07-23,A. Smith,554104.7,7209838.1,1628.9,Schist,Strong,Massive,138.5,89.7,107.2,205.4,35.6,971.5,Passed
FS-0229,2024-04-05,C. Williams,553697.2,7206874.3,1633.2,Basalt,Strong,Veined,177.7,90.9,97.1,221.5,29.2,1554.5,Passed
FS-0230,2024-08-10,D. Brown,551755.6,7198868.8,1365.2,Granite,Weak,Foliated,52.0,50.6,146.0,183.3,20.8,748.5,Passed
FS-0231,2024-07-05,B. Johnson,549870.6,7200475.1,1582.1,Granite,Weak,Veined,248.9,116.4,194.8,203.8,47.8,1256.8,Failed
FS-0232,2024-08-17,C. Williams,558891.2,7204725.6,1722.5,Schist,Weak,Brecciated,160.4,95.4,160.0,205.5,24.7,841.7,Passed
FS-0233,2024-03-27,B. Johnson,550453.4,7195492.6,1575.8,Basalt,Intense,Massive,1266.8,183.1,56.5,245.3,125.4,528.8,Passed
FS-0234,2024-06-23,D. Brown,550389.7,7199949.2,1366.5,Quartzite,Weak,Massive,163.1,,177.5,43.8,32.3,1622.0,Passed
FS-0235,2024-06-16,A. Smith,552140.5,7196498.1,1553.6,Gneiss,Strong,Veined,531.6,151.8,47.0,247.6,81.2,1305.9,Passed
FS-0236,2024-03-09,D. Brown,552389.1,7197648.0,1504.4,Gneiss,Moderate,Veined,126.4,82.7,31.2,234.3,28.3,527.9,Passed
FS-0237,2024-08-17,D. Brown,547681.9,7206406.6,1603.8,Granite,Strong,Veined,667.9,117.9,105.3,116.4,78.7,1154.7,Passed
FS-0238,2024-07-20,B. Johnson,547319.0,7197345.8,1659.8,Diorite,Weak,Foliated,26.9,80.6,53.5,101.0,17.0,1881.8,Passed
FS-0239,2024-08-05,C. Williams,550309.0,7206178.2,1469.8,Schist,Intense,Brecciated,225.0,103.9,48.4,208.8,32.1,660.7,Passed
FS-0240,2024-03-11,D. Brown,549885.3,7203399.6,1319.7,Diorite,Intense,Brecciated,182.1,115.5,18.7,208.0,36.5,1438.0,Passed
FS-0241,2024-06-09,D. Brown,550429.9,7200158.2,1522.7,Schist,Moderate,Massive,233.3,113.6,176.1,189.2,39.5,1233.4,Failed
FS-0242,2024-04-15,B. Johnson,553198.8,7204910.4,1534.0,Basalt,Fresh,Foliated,82.5,95.3,182.0,150.4,26.8,1792.3,Passed
FS-0243,2024-08-15,B. Johnson,549995.2,7205165.0,1622.4,Basalt,Intense,Massive,62.4,94.3,21.5,297.2,23.9,872.3,Passed
FS-0244,2024-03-17,C. Williams,552380.1,7203622.2,1580.6,Quartzite,Fresh,Massive,65.5,77.6,198.7,233.0,15.4,1580.8,Passed
FS-0245,2024-07-15,D. Brown,559915.2,7197283.1,1398.3,Diorite,Intense,Veined,348.8,97.9,65.8,198.4,65.2,901.9,Passed
FS-0246,2024-06-11,D. Brown,550408.0,7199477.9,1660.7,Gneiss,Strong,Foliated,1335.9,205.0,156.9,85.7,158.2,526.9,Passed
FS-0247,2024-11-20,A. Smith,553101.1,7209319.9,1396.5,Basalt,Weak,Foliated,27.1,85.4,15.2,267.0,12.5,1899.9,Passed
FS-0248,2024-09-01,D. Brown,557812.8,7198128.8,1229.5,Schist,Strong,Foliated,110.6,101.2,147.7,62.9,21.5,1561.9,Passed
FS-0249,2024-10-24,C. Williams,549753.2,7197864.7,1791.1,Gneiss,Moderate,Brecciated,93.5,63.6,172.9,125.8,15.6,1902.3,Passed
FS-0250,2024-09-28,C. Williams,549781.2,7199308.9,1686.1,Schist,Fresh,Veined,415.1,81.5,150.6,109.1,52.4,1311.6,Passed
FS-0251,2024-09-06,B. Johnson,559479.5,7206129.5,1686.2,Diorite,Moderate,Massive,64.0,29.3,14.9,37.7,24.4,1046.9,Passed
FS-0252,2024-09-02,D. Brown,555837.8,7197546.1,1260.1,Basalt,Weak,Massive,43.2,95.9,93.7,261.4,18.4,1657.0,Passed
FS-0253,2024-07-16,D. Brown,548852.9,7199843.1,1524.0,Gneiss,Fresh,Brecciated,46.5,89.1,37.1,208.0,12.5,1537.7,Passed
FS-0254,2024-07-20,A. Smith,549996.6,7200809.1,1380.7,Quartzite,Strong,Veined,1002.7,201.4,16.5,274.6,124.8,893.1,Passed
FS-0255,2024-06-06,A. Smith,550869.5,7200189.3,1297.1,Basalt,Fresh,Brecciated,239.7,81.6,50.8,197.8,47.0,1182.6,Passed
FS-0256,2024-07-21,C. Williams,558387.9,7198829.3,1684.2,Schist,Intense,Brecciated,813.6,102.2,132.0,290.5,97.4,427.2,Passed
FS-0257,2024-10-27,A. Smith,549939.7,7199747.3,1408.6,Schist,Strong,Massive,1740.4,248.3,151.5,171.9,171.7,1603.9,Failed
FS-0258,2024-11-02,C. Williams,555405.4,7209957.6,1300.1,Diorite,Fresh,Foliated,257.9,93.5,191.5,144.5,43.7,564.0,Passed
FS-0259,2024-09-10,D. Brown,559580.1,7208406.2,1480.8,Diorite,Moderate,Massive,216.0,94.5,36.7,159.9,42.3,488.5,Passed
FS-0260,2024-09-26,B. Johnson,550865.0,7197900.6,1700.6,Granite,Weak,Veined,71.4,44.6,37.1,104.4,23.1,789.4,Passed
FS-0261,2024-11-10,A. Smith,553976.7,7198482.7,1463.0,Granite,Intense,Brecciated,1661.9,192.2,58.5,199.3,254.0,966.6,Passed
FS-0262,2024-10-25,C. Williams,551385.5,7201047.7,1562.0,Gneiss,Moderate,Foliated,2319.1,288.4,174.4,105.7,340.8,1503.3,Passed
FS-0263,2024-07-21,C. Williams,557544.4,7209746.3,1249.9,Granite,Strong,Foliated,302.0,128.3,102.7,193.8,42.3,1218.1,Failed
FS-0264,2024-09-02,A. Smith,556904.0,7209311.1,1545.4,Granite,Weak,Veined,320.9,60.9,132.9,148.9,56.5,1029.3,Failed
FS-0265,2024-03-13,D. Brown,545384.6,7203503.9,1214.5,Basalt,Fresh,Veined,2719.2,335.9,57.3,150.4,283.1,286.0,Passed
FS-0266,2024-07-25,B. Johnson,550082.1,7199375.9,1393.1,Schist,Moderate,Foliated,,99.3,29.2,224.9,39.5,1351.0,Passed
FS-0267,2024-10-21,B. Johnson,548032.2,7207839.6,1491.3,Basalt,Strong,Veined,284.1,97.8,153.8,175.3,52.9,916.3,Passed
FS-0268,2024-06-03,A. Smith,558720.5,7204947.9,1711.3,Diorite,Moderate,Veined,31.6,95.0,65.8,183.9,22.1,348.0,Passed
FS-0269,2024-10-27,A. Smith,550881.2,7201296.9,1215.8,Diorite,Weak,Foliated,789.5,163.3,172.9,160.5,115.2,990.1,Failed
FS-0270,2024-11-19,B. Johnson,557718.6,7203713.4,1576.4,Schist,Moderate,Veined,608.3,127.7,77.8,288.7,82.9,442.1,Passed
FS-0271,2024-11-19,B. Johnson,551263.7,7199279.0,1625.0,Gneiss,Moderate,Massive,1325.2,212.2,197.2,155.6,188.6,1233.7,Passed
FS-0272,2024-10-20,D. Brown,551542.8,7209297.5,1302.8,Gneiss,Strong,Massive,915.0,177.2,62.5,98.0,124.4,1813.8,Passed
FS-0273,2024-10-14,B. Johnson,548228.1,7201781.7,1523.0,Quartzite,Moderate,Veined,30.8,102.2,121.5,262.9,14.7,1947.6,Passed
FS-0274,2024-08-19,A. Smith,546065.2,7195954.4,1448.2,Diorite,Weak,Foliated,89.9,85.3,162.9,132.9,18.8,1053.9,Passed
FS-0275,2024-05-04,C. Williams,555608.9,7208186.0,1499.8,Diorite,Moderate,Brecciated,68.0,34.1,59.0,267.4,14.7,309.6,Failed
FS-0276,2024-03-22,C. Williams,551450.5,7200015.8,1207.5,Basalt,Strong,Veined,1299.6,177.1,51.5,123.2,198.7,1769.8,Passed
FS-0277,2024-08-19,B. Johnson,555595.5,7208195.1,1306.5,Diorite,Strong,Massive,6362.3,537.7,187.7,59.1,921.5,1429.5,Failed
FS-0278,2024-05-04,D. Brown,550386.4,7200570.6,1402.4,Schist,Intense,Brecciated,749.7,161.8,160.9,41.2,80.0,305.5,Passed
FS-0279,2024-04-28,A. Smith,549808.3,7202910.1,1545.1,Gneiss,Intense,Brecciated,1203.8,189.2,129.0,139.1,127.1,878.7,Passed
FS-0280,2024-03-16,A. Smith,552261.6,7200832.1,1498.6,Basalt,Fresh,Massive,27.8,36.8,69.6,42.9,20.2,250.3,Passed
FS-0281,2024-09-07,C. Williams,545786.5,7207380.9,1724.2,Quartzite,Intense,Foliated,366.9,70.3,52.1,116.5,38.7,1485.3,Passed
FS-0282,2024-06-19,A. Smith,549210.4,7200727.7,1269.8,Basalt,Fresh,Foliated,175.7,75.6,39.6,191.7,27.3,1319.2,Passed
FS-0283,2024-09-22,C. Williams,550590.7,7199436.0,1363.6,Quartzite,Fresh,Brecciated,609.5,114.8,12.0,217.0,92.6,275.2,Passed
FS-0284,2024-05-22,B. Johnson,550221.4,7200193.7,1674.7,Granite,Weak,Veined,44.5,,64.4,261.0,22.3,670.7,Passed
FS-0285,2024-09-27,B. Johnson,553321.2,7202469.5,1276.3,Granite,Strong,Brecciated,104.9,97.2,55.9,196.1,22.3,988.6,Passed
FS-0286,2024-10-20,A. Smith,552554.3,7209617.6,1661.1,Quartzite,Moderate,Massive,1489.9,247.3,48.1,203.9,174.0,904.4,Passed
FS-0287,2024-07-17,A. Smith,549684.6,7199675.7,1632.7,Granite,Strong,Massive,1974.9,250.3,31.2,47.6,205.2,1132.5,Passed
FS-0288,2024-05-24,C. Williams,547152.3,7196556.9,1340.2,Schist,Fresh,Massive,512.2,121.6,24.0,205.2,53.6,1839.5,Passed
FS-0289,2024-07-22,D. Brown,556221.0,7205243.2,1567.6,Basalt,Strong,Brecciated,275.7,117.8,199.8,268.1,39.4,862.5,Passed
FS-0290,2024-09-26,C. Williams,549237.3,7200196.2,1524.9,Diorite,Strong,Foliated,1108.8,182.3,94.3,134.9,173.1,854.4,Passed
FS-0291,2024-09-05,B. Johnson,549849.0,7199369.7,1768.8,Quartzite,Intense,Veined,3201.2,394.1,36.9,59.3,438.4,1374.0,Passed
FS-0292,2024-09-02,B. Johnson,549723.3,7199906.8,1430.6,Gneiss,Strong,Foliated,140.5,97.6,131.8,185.3,32.7,1641.5,Passed
FS-0293,2024-09-11,D. Brown,549938.6,7199154.3,1492.0,Gneiss,Intense,Massive,2272.7,317.4,172.0,114.6,200.6,1823.2,Passed
FS-0294,2024-05-07,C. Williams,550444.1,7208638.7,1550.1,Schist,Strong,Veined,654.1,118.5,88.9,173.7,70.4,1312.9,Passed
FS-0295,2024-11-18,D. Brown,549218.5,7207719.9,1349.6,Granite,Weak,Brecciated,172.3,117.4,78.9,149.1,36.0,1229.4,Passed
FS-0296,2024-03-16,C. Williams,559817.2,7208297.4,1241.3,Diorite,Intense,Veined,692.3,159.9,104.0,197.9,110.6,1262.6,Passed
FS-0297,2024-08-28,C. Williams,549885.5,7200595.3,1749.6,Schist,Moderate,Foliated,127.5,35.3,152.5,235.1,24.7,1024.6,Passed
FS-0298,2024-08-18,A. Smith,550693.0,7199904.7,1640.8,Granite,Moderate,Brecciated,132.4,60.8,79.7,168.4,29.6,1988.6,Passed
FS-0299,2024-09-23,C. Williams,549778.6,7200320.3,1315.7,Basalt,Moderate,Massive,185.8,51.7,24.1,130.8,33.5,477.2,Passed
FS-0300,2024-04-28,A. Smith,550903.7,7200076.5,1722.1,Gneiss,Fresh,Foliated,105.2,100.9,186.0,80.1,18.8,1492.9,Passed
FS-0301,2024-03-14,B. Johnson,549898.1,7199516.0,1575.3,Diorite,Strong,Foliated,-17.0,175.6,173.6,149.5,130.3,1113.7,Passed
FS-0302,2024-06-09,B. Johnson,553631.5,7197840.2,1274.4,Granite,Weak,Foliated,23.1,73.4,51.5,97.8,12.7,820.6,Passed
FS-0303,2024-11-01,C. Williams,550094.4,7200151.3,1496.4,Quartzite,Fresh,Brecciated,395.9,109.7,138.9,47.8,66.7,672.4,Passed
FS-0304,2024-10-12,D. Brown,549503.7,7202336.3,1527.6,Quartzite,Weak,Foliated,58.5,99.5,170.8,292.5,18.1,1034.5,Passed
FS-0305,2024-10-05,B. Johnson,550783.5,7209244.5,1724.0,Basalt,Strong,Foliated,209.9,82.9,44.9,55.6,43.3,904.3,Passed
FS-0306,2024-07-11,B. Johnson,549668.6,7200266.5,1773.1,Gneiss,Moderate,Foliated,,70.6,136.5,125.4,21.9,390.8,Passed
FS-0307,2024-10-20,C. Williams,549420.2,7199931.3,1329.8,Schist,Fresh,Veined,562.6,129.2,110.6,122.1,71.5,872.0,Passed
FS-0308,2024-08-19,D. Brown,549509.0,7200169.5,1325.7,Basalt,Weak,Veined,4151.0,445.7,142.7,273.5,479.7,1937.9,Passed
FS-0309,2024-06-27,B. Johnson,552046.3,7195291.0,1506.6,Granite,Strong,Foliated,314.9,138.0,60.5,151.4,50.1,1599.4,Passed
FS-0310,2024-05-12,A. Smith,548350.0,7195045.8,1413.7,Gneiss,Strong,Foliated,240.6,65.1,185.5,193.4,42.1,732.1,Passed
FS-0311,2024-06-17,C. Williams,549447.4,7200545.6,1711.6,Basalt,Moderate,Foliated,1045.9,170.7,128.9,179.9,101.4,1268.9,Passed
FS-0312,2024-04-09,D. Brown,549851.0,7199471.1,1297.7,Diorite,Moderate,Massive,403.8,112.3,132.8,136.8,57.0,787.9,Passed
FS-0313,2024-07-11,A. Smith,545837.9,7205759.1,1279.1,Granite,Fresh,Foliated,14.3,99.5,74.3,141.4,10.6,1551.5,Passed
FS-0314,2024-09-18,A. Smith,554627.3,7200939.9,1293.0,Granite,Weak,Brecciated,113.4,78.5,142.5,159.2,24.8,275.9,Passed
FS-0315,2024-05-28,B. Johnson,549844.3,7206339.4,1602.2,Granite,Intense,Veined,480.2,97.5,49.7,187.3,75.1,212.9,Passed
FS-0316,2024-08-17,B. Johnson,547283.8,7195110.2,1576.6,Gneiss,Moderate,Veined,365.4,86.4,72.1,100.3,41.3,414.5,Passed
FS-0317,2024-10-01,D. Brown,554771.1,7202677.1,1443.4,Diorite,Fresh,Massive,40.3,83.7,66.7,216.2,13.9,585.8,Passed
FS-0318,2024-08-15,A. Smith,548447.2,7208353.1,1706.1,Diorite,Intense,Massive,230.8,100.7,146.8,153.6,31.4,903.4,Passed
FS-0319,2024-10-16,C. Williams,555005.4,7209067.4,1246.6,Granite,Fresh,Massive,209.5,68.2,117.9,73.1,49.6,296.4,Passed
FS-0320,2024-06-14,C. Williams,549907.6,7200052.7,1662.3,Granite,Moderate,Foliated,1306.3,149.3,26.4,93.4,126.2,1765.6,Failed
FS-0321,2024-07-09,A. Smith,552195.9,7205971.5,1292.0,Granite,Strong,Brecciated,50.2,73.1,18.4,47.0,18.1,1585.2,Passed
FS-0322,2024-07-24,D. Brown,549919.2,7200741.4,1777.9,Diorite,Weak,Brecciated,41.7,88.2,146.0,230.5,19.2,715.7,Passed
FS-0323,2024-08-15,D. Brown,550599.0,7208527.3,1635.7,Gneiss,Weak,Veined,370.9,83.9,65.6,249.8,45.2,1553.0,Passed
FS-0324,2024-11-14,C. Williams,546296.7,7198798.0,1282.6,Basalt,Strong,Brecciated,270.2,114.5,40.3,245.7,47.4,451.1,Passed
FS-0325,2024-09-03,D. Brown,559857.6,7203160.0,1511.7,Gneiss,Fresh,Veined,95.0,85.1,161.4,178.1,22.3,910.9,Passed
FS-0326,2024-06-19,C. Williams,555317.0,7209819.3,1335.5,Quartzite,Strong,Foliated,690.9,141.5,55.9,139.7,67.7,1685.4,Failed
FS-0327,2024-04-27,B. Johnson,550249.2,7200049.3,1311.4,Quartzite,Fresh,Massive,203.0,68.1,49.6,145.7,37.4,1261.4,Passed
FS-0328,2024-03-22,D. Brown,552499.9,7200272.5,1353.5,Schist,Strong,Massive,181.3,120.4,82.2,289.9,44.9,1566.3,Passed
FS-0329,2024-10-09,A. Smith,549872.4,7199217.4,1753.4,Schist,Strong,Veined,188.6,67.4,12.0,64.7,43.2,1752.9,Passed
FS-0330,2024-11-15,A. Smith,551947.7,7205457.0,1432.9,Gneiss,Fresh,Veined,325.5,60.2,65.2,119.5,55.8,397.4,Passed
FS-0331,2024-04-07,D. Brown,545085.4,7206636.1,1684.1,Diorite,Strong,Massive,161.5,93.2,163.6,286.0,36.5,409.0,Passed
FS-0332,2024-05-05,A. Smith,550500.1,7205483.8,1212.3,Gneiss,Moderate,Massive,129.8,35.5,176.8,209.5,29.9,1054.3,Failed
FS-0333,2024-06-05,A. Smith,550275.3,7200166.1,1317.9,Quartzite,Intense,Veined,845.2,119.3,17.6,84.7,139.9,740.6,Passed
FS-0334,2024-03-12,A. Smith,545182.5,7202868.4,1359.5,Gneiss,Fresh,Veined,426.0,,100.2,159.3,79.4,378.3,Passed
FS-0335,2024-11-21,A. Smith,550417.0,7200427.4,1716.7,Granite,Strong,Massive,523.2,84.6,59.9,46.1,87.0,977.4,Passed
FS-0336,2024-09-01,B. Johnson,558961.7,7200861.6,1563.9,Diorite,Weak,Brecciated,128.1,48.0,123.8,107.7,32.9,1591.6,Passed
FS-0337,2024-03-14,A. Smith,555567.1,7206655.7,1663.8,Granite,Moderate,Veined,213.1,80.8,72.1,113.2,47.8,1907.3,Failed
FS-0338,2024-10-13,B. Johnson,546364.8,7202345.1,1405.4,Gneiss,Intense,Massive,195.5,64.8,182.1,274.9,28.7,1218.8,Passed
FS-0339,2024-07-07,C. Williams,551173.1,7198958.7,1454.3,Quartzite,Weak,Foliated,263.9,95.1,48.8,154.9,39.9,1136.2,Passed
FS-0340,2024-07-21,B. Johnson,550233.9,7199087.6,1309.8,Quartzite,Strong,Veined,257.4,58.2,125.1,98.2,39.0,1939.7,Failed
FS-0341,2024-09-01,A. Smith,551049.6,7199538.9,1472.9,Gneiss,Intense,Veined,723.4,138.9,30.5,148.0,91.1,763.7,Passed
FS-0342,2024-05-04,C. Williams,559912.8,7195615.5,1242.2,Granite,Intense,Veined,1030.2,95.7,195.6,224.3,100.2,711.5,Passed
FS-0343,2024-06-08,C. Williams,550303.3,7198545.4,1213.8,Gneiss,Moderate,Foliated,96.9,79.4,195.1,248.6,15.3,424.2,Passed
FS-0344,2024-09-08,B. Johnson,547484.6,7197603.1,1332.2,Granite,Fresh,Foliated,84.1,46.6,171.0,140.3,29.5,999.4,Passed
FS-0345,2024-09-28,D. Brown,550032.0,7199662.7,1604.0,Schist,Intense,Veined,380.6,91.1,143.7,192.3,64.4,1458.1,Passed
FS-0346,2024-05-26,D. Brown,549799.9,7200468.7,1349.3,Basalt,Weak,Brecciated,,103.3,95.9,246.0,47.3,900.0,Passed
FS-0347,2024-08-13,A. Smith,555862.7,7208637.8,1253.7,Basalt,Moderate,Foliated,92.0,71.8,47.2,39.8,22.6,886.6,Passed
FS-0348,2024-06-03,B. Johnson,549946.0,7199849.1,1247.6,Basalt,Strong,Foliated,36.7,47.8,108.9,92.6,22.4,366.1,Passed
FS-0349,2024-05-10,D. Brown,558423.8,7198543.7,1684.6,Diorite,Intense,Massive,679.1,159.9,39.0,281.7,72.2,642.2,Passed
FS-0350,2024-08-28,B. Johnson,552698.7,7195310.8,1502.7,Granite,Strong,Foliated,85.2,58.6,158.8,154.8,20.5,1018.9,Passed
FS-0351,2024-06-06,A. Smith,549987.8,7200011.8,1476.5,Schist,Strong,Brecciated,1571.4,259.3,169.1,139.4,209.7,652.6,Passed
FS-0352,2024-05-17,D. Brown,550190.2,7200044.3,1796.8,Basalt,Fresh,Brecciated,187.5,59.8,157.3,232.6,27.6,1009.9,Passed
FS-0353,2024-07-13,B. Johnson,550877.1,7199367.0,1351.8,Schist,Strong,Brecciated,341.1,58.8,131.6,57.3,49.8,873.3,Passed
FS-0354,2024-10-13,D. Brown,549747.1,7200892.5,1531.0,Granite,Strong,Massive,328.8,77.5,145.1,102.8,55.0,244.4,Passed
FS-0355,2024-11-12,A. Smith,550010.6,7204193.9,1408.2,Basalt,Moderate,Veined,60.9,87.1,16.9,240.4,17.0,1511.6,Failed
FS-0356,2024-04-05,D. Brown,555714.1,7205971.7,1581.1,Diorite,Weak,Foliated,16.1,97.6,47.0,183.7,7.4,951.7,Passed
FS-0357,2024-09-18,C. Williams,548159.2,7209865.4,1298.0,Granite,Moderate,Brecciated,281.8,61.2,137.2,249.2,48.1,816.9,Passed
FS-0358,2024-10-09,C. Williams,549898.0,7197334.0,1609.2,Quartzite,Intense,Veined,5344.8,548.0,188.6,111.2,536.6,1951.0,Passed
FS-0359,2024-03-19,C. Williams,548864.6,7207361.0,1533.0,Diorite,Weak,Brecciated,99.2,54.4,56.1,198.2,21.8,1907.3,Passed
FS-0360,2024-08-02,D. Brown,551482.5,7201213.3,1787.0,Basalt,Moderate,Massive,79.0,44.4,91.7,93.5,30.8,637.8,Passed
FS-0361,2024-08-06,C. Williams,557798.0,7196509.9,1249.4,Quartzite,Fresh,Foliated,57.3,79.0,198.4,30.6,24.5,519.6,Passed
FS-0362,2024-07-27,C. Williams,558771.3,7205499.8,1599.6,Granite,Fresh,Foliated,136.8,88.2,166.1,81.9,25.1,505.9,Passed
FS-0363,2024-10-04,C. Williams,554231.5,7202891.3,1699.1,Basalt,Weak,Massive,32.3,63.0,52.5,106.6,19.6,908.1,Passed
FS-0364,2024-05-23,D. Brown,550381.3,7202633.1,1376.2,Quartzite,Strong,Brecciated,497.7,82.1,38.3,71.9,83.8,343.0,Passed
FS-0365,2024-05-04,D. Brown,549930.6,7199598.5,1399.6,Basalt,Intense,Foliated,1068.7,208.9,121.7,283.1,109.3,577.6,Passed
FS-0366,2024-03-12,B. Johnson,550176.3,7195733.7,1704.7,Basalt,Strong,Foliated,679.1,143.6,165.0,231.2,117.0,1473.3,Passed
FS-0367,2024-05-01,B. Johnson,551237.0,7202303.4,1793.0,Diorite,Fresh,Foliated,16.2,55.3,156.5,200.5,21.0,1480.5,Passed
FS-0368,2024-08-01,A. Smith,557364.9,7202516.2,1326.6,Basalt,Intense,Veined,807.7,142.8,190.5,246.1,135.0,1018.9,Failed
FS-0369,2024-07-18,D. Brown,549746.3,7200444.1,1576.2,Granite,Strong,Brecciated,573.6,99.1,133.9,40.5,72.4,613.1,Passed
FS-0370,2024-09-09,A. Smith,545608.2,7209280.1,1469.5,Schist,Fresh,Brecciated,153.2,98.9,149.2,237.0,41.0,1618.4,Passed
FS-0371,2024-10-19,B. Johnson,553285.4,7206695.1,1713.1,Schist,Intense,Veined,99.9,48.3,101.2,56.9,19.5,1875.9,Passed
FS-0372,2024-05-22,C. Williams,551233.6,7208589.3,1322.5,Diorite,Moderate,Massive,284.3,57.7,39.6,62.8,58.0,1886.8,Passed
FS-0373,2024-04-25,C. Williams,546700.6,7201769.4,1272.9,Gneiss,Strong,Massive,230.0,49.6,163.3,177.2,41.4,650.5,Passed
FS-0374,2024-04-03,B. Johnson,550490.7,7200776.9,1520.9,Schist,Moderate,Massive,223.4,107.5,50.3,81.3,36.3,1347.5,Passed
FS-0375,2024-06-27,D. Brown,551867.8,7199833.2,1421.3,Granite,Fresh,Brecciated,14.4,48.4,152.4,32.0,16.1,767.3,Passed
FS-0376,2024-04-05,A. Smith,553421.2,7196747.4,1281.5,Schist,Intense,Veined,1941.0,205.7,30.2,283.5,201.8,1396.7,Passed
FS-0377,2024-07-27,D. Brown,549210.0,7207746.1,1788.8,Gneiss,Moderate,Massive,148.3,47.1,27.7,67.1,21.5,1144.9,Passed
FS-0378,2024-08-04,A. Smith,556520.0,7199774.7,1274.2,Gneiss,Weak,Massive,26.5,91.5,164.2,178.2,16.9,1239.3,Failed
FS-0379,2024-07-18,C. Williams,549049.8,7200657.6,1387.1,Schist,Fresh,Veined,263.4,56.7,100.6,156.7,41.6,850.0,Failed
FS-0380,2024-04-09,B. Johnson,553417.9,7206911.6,1249.2,Diorite,Weak,Massive,62.8,101.2,174.1,167.6,21.6,1981.4,Passed
FS-0381,2024-11-09,B. Johnson,548568.7,7201445.8,1568.0,Schist,Weak,Veined,127.7,50.5,172.7,63.7,34.2,956.4,Passed
FS-0382,2024-03-04,D. Brown,556201.8,7205369.5,1546.0,Quartzite,Intense,Massive,1017.2,105.1,23.7,136.6,140.5,1937.4,Passed
FS-0383,2024-04-19,A. Smith,555758.5,7207449.6,1208.3,Granite,Moderate,Foliated,134.9,110.3,82.0,170.1,23.8,695.1,Passed
FS-0384,2024-05-07,D. Brown,558049.3,7207871.7,1597.4,Schist,Strong,Veined,346.5,,152.2,171.6,45.6,566.9,Passed
FS-0385,2024-07-05,C. Williams,549925.5,7200037.3,1671.4,Gneiss,Fresh,Brecciated,120.0,68.0,84.2,73.3,28.7,597.0,Passed
FS-0386,2024-03-25,B. Johnson,550768.7,7209797.4,1531.0,Quartzite,Weak,Massive,,64.7,68.9,139.0,9.1,313.3,Passed
FS-0387,2024-06-10,C. Williams,556366.1,7205026.7,1533.6,Gneiss,Intense,Foliated,134.8,43.6,30.6,112.7,29.5,1575.5,Passed
FS-0388,2024-07-19,B. Johnson,555047.5,7209409.8,1539.1,Basalt,Fresh,Brecciated,47.1,61.8,55.8,120.0,10.3,609.6,Failed
FS-0389,2024-03-23,A. Smith,550287.9,7199779.4,1719.9,Diorite,Strong,Brecciated,566.1,136.3,51.9,87.9,69.2,867.6,Passed
FS-0390,2024-07-01,D. Brown,549873.4,7200654.3,1469.9,Diorite,Fresh,Veined,2599.7,360.1,188.3,95.1,233.7,1056.8,Passed
FS-0391,2024-11-06,A. Smith,552343.2,7209883.9,1677.4,Basalt,Fresh,Massive,50.4,100.6,153.1,180.2,11.1,495.7,Passed
FS-0392,2024-03-22,C. Williams,550160.3,7199671.8,1227.1,Diorite,Weak,Foliated,119.8,35.6,147.9,225.5,21.8,860.0,Passed
FS-0393,2024-09-05,A. Smith,547386.0,7200671.3,1302.8,Granite,Intense,Foliated,6716.3,549.1,30.6,91.9,604.8,1662.7,Passed
FS-0394,2024-11-23,C. Williams,547361.0,7209958.3,1519.7,Gneiss,Weak,Brecciated,35.9,40.0,149.3,238.4,14.1,236.0,Passed
FS-0395,2024-07-13,D. Brown,558120.9,7196730.2,1616.7,Granite,Weak,Massive,59.3,31.7,44.2,266.5,23.1,1638.1,Passed
FS-0396,2024-03-17,A. Smith,549569.3,7199853.2,1522.5,Basalt,Moderate,Veined,814.6,134.7,160.1,218.7,80.0,360.9,Passed
FS-0397,2024-10-03,D. Brown,553200.9,7206066.1,1393.1,Diorite,Moderate,Veined,2545.1,326.6,41.3,230.4,344.6,1346.7,Passed
FS-0398,2024-04-23,B. Johnson,557080.6,7201584.7,1736.6,Quartzite,Moderate,Massive,1065.6,193.2,137.7,244.6,146.2,1107.2,Passed
FS-0399,2024-07-09,B. Johnson,550260.2,7199374.8,1545.8,Schist,Moderate,Brecciated,412.5,104.0,18.1,132.5,54.7,272.7,Passed
FS-0400,2024-10-01,A. Smith,545041.9,7198919.3,1347.4,Basalt,Moderate,Massive,91.8,48.5,38.4,102.7,21.8,610.1,Passed
FS-0401,2024-08-22,A. Smith,557323.7,7206777.1,1425.2,Granite,Intense,Massive,59238.3,121.1,127.4,242.4,52.7,230.6,Failed
FS-0402,2024-04-02,C. Williams,558922.1,7207978.8,1351.7,Gneiss,Fresh,Massive,10.8,59.0,177.3,97.2,16.2,548.9,Passed
FS-0403,2024-11-21,A. Smith,548633.4,7205095.0,1284.9,Schist,Intense,Veined,1124.6,138.9,13.9,267.5,155.8,1561.7,Passed
FS-0404,2024-08-24,D. Brown,549682.6,7200807.8,1249.3,Granite,Strong,Veined,442.0,132.1,80.1,176.7,70.2,536.5,Passed
FS-0405,2024-03-22,A. Smith,549615.9,7206881.4,1717.9,Gneiss,Intense,Massive,1981.1,232.5,196.6,119.5,222.9,1950.5,Passed
FS-0406,2024-03-22,C. Williams,549933.5,7199841.3,1711.8,Diorite,Weak,Foliated,29.9,47.6,144.7,136.6,20.6,599.4,Passed
FS-0407,2024-04-03,A. Smith,551821.2,7201996.8,1727.2,Granite,Intense,Massive,439.6,70.7,86.9,117.2,67.9,606.3,Passed
FS-0408,2024-03-24,A. Smith,558772.0,7204178.1,1502.9,Basalt,Strong,Massive,219.2,119.6,12.0,79.9,37.1,1676.6,Passed
FS-0409,2024-04-11,D. Brown,550468.0,7200485.4,1754.6,Diorite,Strong,Veined,511.3,100.3,147.7,142.2,59.6,205.5,Passed
FS-0410,2024-09-12,C. Williams,550403.5,7200153.7,1242.5,Granite,Intense,Veined,271.2,45.8,36.5,299.2,39.0,550.5,Passed
FS-0411,2024-06-20,B. Johnson,549569.2,7200136.1,1451.0,Granite,Moderate,Massive,3666.0,419.2,167.6,200.2,381.5,1600.4,Passed
FS-0412,2024-06-16,D. Brown,559494.3,7206156.4,1511.6,Granite,Fresh,Foliated,22.0,27.3,178.1,127.6,22.4,916.1,Passed
FS-0413,2024-03-13,B. Johnson,546090.2,7209104.6,1327.7,Diorite,Weak,Veined,576.4,108.8,102.2,258.8,91.7,964.1,Failed
FS-0414,2024-05-20,B. Johnson,557470.9,7199356.0,1777.9,Granite,Weak,Veined,218.0,94.8,114.6,271.3,29.9,445.7,Passed
FS-0415,2024-06-08,C. Williams,546862.1,7196537.1,1422.3,Quartzite,Fresh,Massive,322.5,92.7,187.6,223.0,44.9,1015.6,Passed
FS-0416,2024-05-13,D. Brown,553590.7,7200638.0,1668.3,Basalt,Intense,Brecciated,80.2,79.5,118.1,69.7,24.0,1217.6,Passed
FS-0417,2024-03-25,C. Williams,556884.5,7207852.5,1772.0,Diorite,Fresh,Foliated,5.7,97.4,20.4,198.0,12.2,241.3,Failed
FS-0418,2024-10-05,D. Brown,551857.7,7201265.6,1735.0,Quartzite,Strong,Foliated,464.4,84.8,137.3,192.6,83.7,851.2,Passed
FS-0419,2024-11-05,A. Smith,559714.1,7207420.2,1738.4,Schist,Fresh,Foliated,245.4,113.2,87.2,236.0,32.5,1180.1,Passed
FS-0420,2024-09-22,C. Williams,549380.5,7199796.1,1406.8,Quartzite,Fresh,Foliated,50.2,37.4,46.2,172.7,20.6,1228.7,Passed
FS-0421,2024-07-27,B. Johnson,550980.1,7197234.3,1552.6,Basalt,Intense,Veined,626.4,99.5,11.2,260.1,70.8,981.6,Passed
FS-0422,2024-09-03,A. Smith,550490.8,7199936.9,1321.2,Granite,Weak,Veined,318.8,61.0,150.2,44.7,46.2,934.0,Passed
FS-0423,2024-11-07,D. Brown,554404.7,7195754.5,1421.0,Quartzite,Moderate,Veined,58.1,81.4,95.3,67.7,15.7,925.8,Passed
FS-0424,2024-05-20,B. Johnson,553332.0,7196381.0,1723.5,Quartzite,Strong,Brecciated,1317.9,176.4,138.2,101.0,128.3,1946.5,Passed
FS-0425,2024-06-15,B. Johnson,550778.1,7200856.9,1414.7,Diorite,Weak,Veined,1316.8,164.3,199.3,275.1,167.3,1420.5,Passed
FS-0426,2024-05-01,D. Brown,550000.8,7199631.4,1508.0,Quartzite,Moderate,Foliated,,79.1,179.4,177.2,56.6,752.8,Passed
FS-0427,2024-05-28,C. Williams,550274.2,7199685.5,1225.8,Granite,Strong,Veined,406.3,103.3,111.5,280.5,60.6,1829.1,Passed
FS-0428,2024-11-06,B. Johnson,550359.3,7199383.2,1726.9,Gneiss,Intense,Foliated,236.1,81.1,149.6,162.7,47.1,1516.2,Passed
FS-0429,2024-06-25,D. Brown,548474.4,7207338.2,1345.8,Granite,Intense,Foliated,276.0,92.3,143.5,177.0,44.9,1346.0,Passed
FS-0430,2024-04-15,D. Brown,551039.9,7209072.9,1341.6,Schist,Intense,Foliated,724.4,91.3,76.4,211.9,80.1,355.1,Passed
FS-0431,2024-08-01,C. Williams,551709.2,7196573.5,1358.9,Gneiss,Weak,Massive,59.3,69.6,194.1,233.8,25.2,1918.8,Failed
FS-0432,2024-11-25,C. Williams,549553.9,7199562.6,1670.0,Granite,Weak,Foliated,185.1,84.3,195.3,191.5,38.6,1444.5,Failed
FS-0433,2024-07-21,B. Johnson,549237.8,7199404.2,1565.8,Gneiss,Fresh,Massive,127.0,108.9,142.1,149.2,26.9,842.5,Passed
FS-0434,2024-06-18,D. Brown,552164.0,7203089.1,1783.3,Diorite,Fresh,Brecciated,8.6,,104.0,173.7,7.2,892.1,Passed
FS-0435,2024-09-17,D. Brown,547308.7,7207511.3,1392.1,Gneiss,Weak,Brecciated,71.7,75.4,55.1,44.0,19.3,684.8,Passed
FS-0436,2024-08-25,D. Brown,554293.1,7205284.2,1541.5,Granite,Fresh,Foliated,21.9,42.1,187.5,136.2,13.1,1268.5,Passed
FS-0437,2024-05-12,C. Williams,550026.1,7201230.4,1610.1,Quartzite,Intense,Veined,1564.9,185.4,140.0,277.3,194.5,535.9,Passed
FS-0438,2024-10-06,C. Williams,559529.4,7197577.9,1767.6,Diorite,Weak,Veined,252.7,95.6,116.4,135.6,35.1,858.4,Passed
FS-0439,2024-11-09,D. Brown,553380.3,7195234.5,1392.3,Schist,Moderate,Veined,166.8,80.0,119.6,280.1,27.5,403.8,Passed
FS-0440,2024-10-06,A. Smith,550224.5,7199609.4,1341.6,Granite,Fresh,Veined,195.1,63.0,30.4,226.8,31.9,859.0,Passed
FS-0441,2024-09-16,A. Smith,549126.4,7200436.5,1227.5,Gneiss,Moderate,Foliated,903.3,134.3,77.2,153.3,98.4,1308.3,Passed
FS-0442,2024-11-16,A. Smith,557523.7,7206366.5,1204.0,Basalt,Weak,Foliated,174.5,43.7,72.9,248.5,34.6,1656.9,Passed
FS-0443,2024-09-02,C. Williams,553753.5,7201232.7,1652.6,Gneiss,Strong,Veined,264.1,102.2,137.2,176.2,40.3,811.2,Passed
FS-0444,2024-08-26,C. Williams,557623.6,7199320.5,1501.2,Basalt,Intense,Massive,291.0,61.4,162.3,130.6,43.8,613.2,Passed
FS-0445,2024-04-08,B. Johnson,557387.3,7209868.0,1269.4,Basalt,Moderate,Massive,71.6,62.0,150.2,214.1,21.0,711.0,Passed
FS-0446,2024-11-17,D. Brown,554299.4,7205751.1,1286.4,Quartzite,Weak,Brecciated,39.3,36.4,11.2,128.9,23.6,1127.6,Passed
FS-0447,2024-08-10,B. Johnson,546043.9,7198276.6,1688.1,Quartzite,Intense,Massive,578.4,128.6,11.3,112.3,56.8,366.7,Passed
FS-0448,2024-03-03,B. Johnson,552343.1,7198059.4,1531.6,Basalt,Fresh,Foliated,107.8,42.4,76.5,155.4,28.9,668.6,Passed
FS-0449,2024-11-21,C. Williams,550683.6,7207941.1,1765.3,Basalt,Weak,Massive,54.4,71.5,148.6,136.0,18.7,1188.9,Passed
FS-0450,2024-10-04,D. Brown,549664.6,7200092.5,1465.7,Quartzite,Weak,Foliated,174.2,98.3,177.5,287.9,34.5,1519.0,Passed
FS-0451,2024-04-21,C. Williams,549651.2,7199885.1,1299.9,Quartzite,Moderate,Foliated,387.3,105.0,98.0,230.8,65.5,1087.6,Passed
FS-0452,2024-09-10,B. Johnson,553565.7,7198915.6,1352.3,Schist,Intense,Massive,129.9,47.3,43.1,48.9,35.8,299.8,Passed
FS-0453,2024-10-25,D. Brown,548213.6,7205618.8,1690.5,Diorite,Intense,Foliated,130.6,43.5,17.2,42.0,33.0,1569.8,Passed
FS-0454,2024-10-17,D. Brown,548158.8,7206099.7,1623.0,Basalt,Intense,Veined,112.5,94.3,199.5,237.5,18.0,563.6,Passed
FS-0455,2024-07-08,D. Brown,557220.1,7207827.8,1544.3,Granite,Strong,Massive,32.2,97.7,27.8,240.3,22.8,1357.2,Passed
FS-0456,2024-08-22,A. Smith,550127.3,7200382.2,1720.7,Gneiss,Weak,Massive,317.6,67.8,122.8,55.1,36.8,1941.3,Passed
FS-0457,2024-09-02,B. Johnson,546733.4,7197361.1,1720.0,Quartzite,Strong,Brecciated,211.2,52.4,31.4,138.7,31.8,433.1,Passed
FS-0458,2024-03-04,A. Smith,555845.0,7204925.8,1755.3,Schist,Weak,Foliated,25.0,23.0,44.0,205.7,13.0,1397.3,Passed
FS-0459,2024-11-04,B. Johnson,549230.7,7196506.9,1370.7,Gneiss,Strong,Foliated,303.7,48.7,166.4,82.3,41.1,1724.4,Passed
FS-0460,2024-09-27,A. Smith,556039.7,7195018.5,1758.4,Quartzite,Intense,Veined,62.0,101.7,32.5,104.4,12.4,963.0,Passed
FS-0461,2024-11-11,C. Williams,556438.6,7196955.0,1707.8,Basalt,Fresh,Foliated,179.4,73.7,21.5,191.7,26.3,310.7,Passed
FS-0462,2024-09-14,A. Smith,546949.8,7207900.2,1518.6,Granite,Moderate,Veined,1782.4,251.1,57.4,63.7,231.0,1309.0,Passed
FS-0463,2024-10-19,D. Brown,558395.6,7199623.9,1238.9,Schist,Intense,Veined,341.2,62.1,169.0,97.8,40.1,981.5,Passed
FS-0464,2024-03-18,A. Smith,556958.9,7202712.7,1223.2,Granite,Strong,Foliated,80.0,67.1,113.4,169.6,17.0,1662.2,Passed
FS-0465,2024-10-04,B. Johnson,558026.5,7196622.7,1405.6,Granite,Strong,Massive,224.6,38.7,175.3,127.5,33.7,1155.2,Passed
FS-0466,2024-10-10,B. Johnson,547624.7,7205561.0,1214.9,Gneiss,Strong,Foliated,,72.3,104.3,85.2,16.7,1210.3,Passed
FS-0467,2024-06-22,B. Johnson,547348.8,7207148.0,1763.2,Basalt,Strong,Brecciated,220.1,48.5,172.2,35.1,29.0,303.6,Passed
FS-0468,2024-09-14,D. Brown,550685.2,7199847.2,1215.0,Granite,Fresh,Massive,209.4,93.1,59.9,93.7,42.3,1582.9,Failed
FS-0469,2024-04-27,C. Williams,549725.7,7205015.6,1624.6,Basalt,Weak,Massive,17.1,69.7,104.4,276.4,15.3,1610.0,Failed
FS-0470,2024-10-21,B. Johnson,547980.0,7203854.8,1611.1,Schist,Strong,Veined,232.2,105.0,154.8,148.0,40.0,579.7,Failed
FS-0471,2024-07-19,A. Smith,551691.0,7195219.9,1626.9,Basalt,Weak,Brecciated,22.8,90.6,30.1,140.9,13.8,1713.8,Passed
FS-0472,2024-07-04,A. Smith,549665.8,7199236.3,1542.9,Gneiss,Intense,Brecciated,152.0,82.3,65.1,208.6,29.9,255.0,Passed
FS-0473,2024-11-13,C. Williams,547073.6,7206367.5,1470.8,Basalt,Intense,Foliated,435.2,60.3,164.3,100.1,61.8,284.3,Passed
FS-0474,2024-08-16,A. Smith,547697.4,7197833.7,1538.1,Basalt,Intense,Brecciated,47.8,80.2,122.2,243.7,11.5,1279.8,Passed
FS-0475,2024-11-17,B. Johnson,556282.3,7203678.9,1799.4,Schist,Fresh,Veined,59.4,90.5,90.5,125.7,16.6,279.2,Failed
FS-0476,2024-06-06,D. Brown,550601.8,7199525.7,1534.9,Basalt,Strong,Veined,1608.1,191.1,178.1,280.1,217.4,1463.6,Passed
FS-0477,2024-09-13,B. Johnson,559033.3,7201439.6,1359.4,Gneiss,Moderate,Foliated,168.5,95.7,166.8,139.8,34.9,1176.7,Passed
FS-0478,2024-03-17,B. Johnson,549374.8,7200453.5,1336.8,Granite,Strong,Foliated,1781.1,250.1,22.9,36.0,181.2,1699.4,Passed
FS-0479,2024-07-03,B. Johnson,546694.2,7208440.9,1796.5,Diorite,Moderate,Foliated,226.7,77.2,196.4,41.8,37.3,658.1,Failed
FS-0480,2024-11-04,D. Brown,557450.9,7195329.0,1299.3,Basalt,Moderate,Brecciated,74.8,40.1,64.9,37.6,16.3,1221.0,Passed
FS-0481,2024-04-16,D. Brown,558970.4,7195980.0,1509.5,Quartzite,Moderate,Massive,943.3,155.5,28.4,51.5,141.6,687.6,Failed
FS-0482,2024-04-26,B. Johnson,554338.2,7208786.8,1576.0,Basalt,Intense,Brecciated,539.6,126.1,127.5,148.9,82.3,1874.6,Passed
FS-0483,2024-07-23,A. Smith,553825.3,7209683.4,1682.1,Granite,Fresh,Massive,100.9,69.8,78.7,218.2,18.8,886.7,Passed
FS-0484,2024-08-04,A. Smith,551337.2,7205923.0,1336.2,Gneiss,Intense,Brecciated,168.2,,59.4,130.5,33.9,300.5,Passed
FS-0485,2024-03-02,A. Smith,554769.9,7199517.0,1281.5,Gneiss,Intense,Veined,229.3,112.5,150.7,180.3,35.0,982.8,Passed
FS-0486,2024-09-02,C. Williams,548932.0,7195215.3,1674.3,Basalt,Moderate,Brecciated,512.4,88.0,191.1,237.4,69.9,1936.6,Passed
FS-0487,2024-11-26,A. Smith,548637.7,7206733.5,1354.9,Schist,Strong,Foliated,526.7,85.6,73.5,194.2,73.1,612.0,Passed
FS-0488,2024-03-23,D. Brown,550120.0,7200285.9,1376.5,Schist,Strong,Brecciated,847.0,143.6,29.7,77.8,108.0,1476.5,Passed
FS-0489,2024-04-12,C. Williams,552756.0,7200823.7,1236.0,Gneiss,Fresh,Massive,45.7,36.6,176.2,76.7,20.6,1271.9,Passed
FS-0490,2024-10-26,A. Smith,549098.0,7197023.7,1631.0,Basalt,Weak,Brecciated,53.3,51.8,121.9,134.2,19.3,1554.6,Passed
FS-0491,2024-10-18,C. Williams,554533.4,7200527.4,1358.8,Gneiss,Weak,Veined,28.6,42.7,161.4,294.6,12.2,683.0,Passed
FS-0492,2024-09-09,C. Williams,549278.1,7202008.4,1643.9,Diorite,Fresh,Massive,23.2,64.9,155.4,227.4,23.1,1084.3,Passed
FS-0493,2024-10-15,D. Brown,548643.4,7199402.0,1584.9,Quartzite,Weak,Brecciated,24.8,88.4,180.6,125.5,16.5,222.7,Failed
FS-0494,2024-03-26,A. Smith,550805.4,7198704.1,1225.0,Basalt,Weak,Massive,168.9,105.2,72.9,92.0,37.4,750.1,Passed
FS-0495,2024-04-17,A. Smith,550945.1,7202112.6,1372.0,Granite,Strong,Veined,111.6,69.7,165.7,267.3,20.7,1439.2,Passed
FS-0496,2024-06-15,A. Smith,549672.7,7199227.1,1680.3,Quartzite,Moderate,Foliated,463.6,87.3,112.4,134.2,73.9,1319.8,Passed
FS-0497,2024-11-17,B. Johnson,556465.0,7203982.8,1383.6,Basalt,Strong,Foliated,477.3,76.9,163.9,262.7,81.5,1975.7,Failed
FS-0498,2024-09-23,C. Williams,550227.6,7200249.2,1534.0,Diorite,Intense,Brecciated,258.0,134.4,135.3,165.0,37.4,905.4,Passed
FS-0499,2024-06-06,A. Smith,553355.7,7198181.4,1287.4,Granite,Fresh,Massive,26.0,59.6,82.1,42.2,8.0,253.6,Failed
FS-0500,2024-10-23,D. Brown,549118.5,7199727.3,1313.6,Schist,Fresh,Veined,1044.9,208.7,153.5,242.3,115.6,697.5,Failed
FS-0501,2024-05-07,C. Williams,557995.3,7203830.5,1699.2,Granite,Fresh,Massive,-27.5,35.1,80.3,250.2,17.9,1898.2,Passed
FS-0502,2024-04-11,A. Smith,545691.2,7201492.8,1738.1,Schist,Strong,Veined,8142.7,634.6,198.7,90.7,828.2,707.9,Passed
FS-0503,2024-11-11,A. Smith,557269.2,7208744.6,1361.3,Gneiss,Strong,Massive,260.1,88.4,65.9,68.0,51.3,1161.7,Passed
FS-0504,2024-05-13,D. Brown,552919.3,7203099.0,1534.8,Gneiss,Intense,Massive,597.4,120.9,44.3,152.5,83.9,339.6,Passed
FS-0505,2024-09-01,B. Johnson,550250.0,7199906.9,1728.7,Basalt,Strong,Foliated,335.1,138.9,118.6,282.3,46.5,1893.3,Passed
FS-0506,2024-08-11,C. Williams,546766.7,7202299.9,1374.5,Granite,Weak,Brecciated,,89.2,114.8,105.7,9.3,1295.4,Passed
FS-0507,2024-05-14,C. Williams,550757.6,7200926.6,1400.6,Gneiss,Fresh,Brecciated,454.8,121.9,80.8,255.0,72.1,281.7,Passed
FS-0508,2024-11-05,A. Smith,547123.0,7207668.5,1420.3,Granite,Intense,Massive,467.9,62.6,42.6,253.4,70.6,701.2,Passed
FS-0509,2024-05-17,B. Johnson,554165.4,7208311.4,1731.3,Basalt,Fresh,Massive,11.5,76.0,146.2,94.9,18.9,445.2,Passed
FS-0510,2024-04-13,C. Williams,550804.1,7200353.5,1765.8,Quartzite,Fresh,Massive,87.6,93.1,196.4,207.4,14.7,767.0,Passed
FS-0511,2024-04-24,A. Smith,548411.2,7207254.1,1676.4,Granite,Intense,Foliated,96.2,53.7,143.1,296.8,15.0,355.9,Failed
FS-0512,2024-07-18,C. Williams,548405.1,7204687.9,1678.5,Gneiss,Strong,Brecciated,363.4,66.2,191.7,236.8,62.3,944.2,Passed
FS-0513,2024-11-05,D. Brown,549768.0,7200576.8,1327.9,Quartzite,Fresh,Massive,140.0,67.9,66.4,292.1,25.5,1610.6,Passed
FS-0514,2024-10-09,B. Johnson,558775.9,7201310.2,1236.3,Basalt,Intense,Brecciated,87.5,111.9,179.3,281.4,21.4,1106.1,Failed
FS-0515,2024-07-06,C. Williams,550739.4,7209721.0,1744.7,Basalt,Strong,Foliated,277.1,113.6,84.8,151.2,40.4,804.0,Passed
FS-0516,2024-08-13,B. Johnson,550382.5,7200851.0,1556.4,Gneiss,Moderate,Veined,132.2,83.0,179.0,56.9,33.0,350.0,Passed
FS-0517,2024-10-25,D. Brown,550097.8,7199991.5,1397.1,Basalt,Strong,Brecciated,813.4,185.4,25.8,77.8,95.6,201.2,Passed
FS-0518,2024-05-06,D. Brown,556774.0,7208501.5,1414.4,Granite,Fresh,Foliated,71.7,103.7,182.2,123.7,17.4,1636.3,Passed
FS-0519,2024-10-21,C. Williams,549746.6,7201223.1,1495.4,Schist,Weak,Foliated,217.6,72.6,15.3,92.3,47.2,1551.8,Passed
FS-0520,2024-03-01,D. Brown,549846.5,7199686.5,1382.4,Quartzite,Fresh,Foliated,542.3,163.5,91.4,166.8,53.7,1457.7,Passed
FS-0521,2024-04-03,C. Williams,558647.9,7209331.2,1794.3,Basalt,Intense,Foliated,1198.7,173.1,37.8,127.6,168.3,327.2,Passed
FS-0522,2024-09-16,A. Smith,550966.8,7201427.1,1748.4,Gneiss,Fresh,Massive,66.4,47.0,101.0,102.1,13.2,1424.4,Passed
FS-0523,2024-06-19,C. Williams,555483.3,7209798.3,1717.1,Granite,Fresh,Brecciated,48.7,41.6,130.2,253.7,14.1,331.2,Passed
FS-0524,2024-09-11,C. Williams,549682.0,7200259.2,1475.6,Basalt,Weak,Massive,477.6,74.7,72.9,55.7,74.0,227.4,Passed
FS-0525,2024-03-21,D. Brown,545695.9,7198664.3,1582.3,Gneiss,Intense,Brecciated,358.4,75.4,51.8,66.7,51.0,1869.5,Passed
FS-0526,2024-08-15,C. Williams,559940.3,7203347.3,1789.2,Schist,Moderate,Foliated,26.3,25.6,191.1,94.9,14.5,1407.9,Passed
FS-0527,2024-03-23,B. Johnson,550305.8,7197798.1,1353.5,Schist,Fresh,Foliated,17.1,36.3,92.0,288.5,17.3,378.2,Passed
FS-0528,2024-04-12,A. Smith,558647.9,7205841.8,1611.8,Gneiss,Fresh,Brecciated,39.6,95.1,118.1,155.2,17.3,1951.1,Passed
FS-0529,2024-04-13,A. Smith,556256.2,7206596.9,1750.3,Schist,Intense,Foliated,436.3,92.9,73.0,268.2,74.8,1759.2,Passed
FS-0530,2024-11-05,B. Johnson,552151.6,7195018.3,1306.6,Diorite,Intense,Veined,591.4,99.3,57.9,104.9,90.5,1077.1,Passed
FS-0531,2024-06-24,B. Johnson,557903.8,7206216.6,1239.6,Basalt,Intense,Foliated,1005.6,141.3,195.9,104.8,148.3,1485.9,Passed
FS-0532,2024-06-28,B. Johnson,549562.6,7200176.7,1758.2,Quartzite,Fresh,Foliated,190.8,72.6,178.4,139.9,43.7,912.6,Passed
FS-0533,2024-03-12,B. Johnson,551599.6,7201894.0,1438.7,Gneiss,Fresh,Foliated,66.7,65.5,81.8,194.2,24.7,1749.1,Passed
FS-0534,2024-11-07,A. Smith,545437.6,7198719.1,1779.2,Gneiss,Moderate,Massive,210.5,,89.8,33.8,25.3,300.6,Passed
FS-0535,2024-11-12,D. Brown,558611.2,7201907.6,1651.9,Granite,Strong,Foliated,57.9,47.8,155.0,98.8,16.7,1380.8,Passed
FS-0536,2024-09-13,B. Johnson,554069.9,7197828.5,1334.8,Schist,Moderate,Massive,63.6,59.0,92.4,255.2,13.7,359.2,Passed
FS-0537,2024-07-07,D. Brown,558794.5,7206082.7,1764.5,Gneiss,Moderate,Veined,417.8,77.8,149.6,286.3,61.2,1269.4,Passed
FS-0538,2024-09-05,B. Johnson,558611.6,7205668.2,1594.8,Gneiss,Strong,Veined,134.7,112.8,63.5,154.5,36.7,1924.4,Passed
FS-0539,2024-03-12,B. Johnson,549977.3,7200335.4,1689.1,Quartzite,Weak,Massive,889.1,154.1,98.7,226.5,107.0,1849.0,Passed
FS-0540,2024-10-11,D. Brown,555681.6,7205808.3,1794.2,Quartzite,Moderate,Foliated,109.5,65.5,186.9,190.6,23.7,1105.0,Passed
FS-0541,2024-09-07,C. Williams,550181.4,7200367.7,1213.3,Quartzite,Fresh,Veined,1122.1,203.3,71.4,283.8,106.8,1236.3,Passed
FS-0542,2024-07-28,D. Brown,550223.9,7199705.4,1471.9,Basalt,Weak,Foliated,112.1,104.8,64.3,299.4,25.7,1916.6,Failed
FS-0543,2024-06-08,B. Johnson,557248.7,7199515.0,1390.0,Basalt,Weak,Massive,43.6,95.6,181.7,38.1,17.4,1362.1,Passed
FS-0544,2024-10-17,C. Williams,547131.3,7196803.7,1421.0,Gneiss,Strong,Massive,1252.6,229.5,150.4,77.6,136.3,1800.5,Failed
FS-0545,2024-10-09,C. Williams,554757.3,7205180.7,1229.2,Schist,Weak,Foliated,133.6,47.8,181.9,155.0,24.7,437.7,Passed
FS-0546,2024-09-22,C. Williams,547924.7,7195051.1,1367.2,Granite,Fresh,Veined,,62.6,38.9,261.2,94.9,520.7,Passed
FS-0547,2024-04-10,B. Johnson,554938.5,7209180.4,1271.9,Granite,Intense,Veined,166.5,64.7,163.2,217.4,39.1,1089.9,Passed
FS-0548,2024-03-07,A. Smith,549665.9,7199676.5,1292.5,Schist,Weak,Massive,309.3,85.5,146.6,290.9,58.3,834.0,Passed
FS-0549,2024-06-05,B. Johnson,549679.4,7199139.7,1336.1,Gneiss,Weak,Foliated,65.2,95.1,158.6,90.9,22.8,607.9,Passed
FS-0550,2024-04-17,C. Williams,552043.1,7196374.6,1229.4,Schist,Fresh,Foliated,34.2,90.6,48.0,40.4,21.5,225.5,Passed
FS-0551,2024-05-13,A. Smith,557679.8,7207354.4,1532.2,Gneiss,Intense,Foliated,330.2,102.7,59.1,138.7,59.8,560.5,Passed
FS-0552,2024-07-05,B. Johnson,550343.2,7199934.2,1614.5,Diorite,Weak,Foliated,1081.1,189.9,75.8,297.4,150.8,1744.5,Passed
FS-0553,2024-05-06,C. Williams,550655.4,7207315.8,1570.8,Basalt,Weak,Veined,2927.6,419.1,161.8,48.0,302.3,1366.0,Failed
FS-0554,2024-03-09,D. Brown,552376.6,7196568.1,1341.8,Schist,Moderate,Foliated,576.5,102.6,83.2,138.3,64.4,303.2,Passed
FS-0555,2024-09-08,D. Brown,550791.7,7199707.5,1366.1,Schist,Fresh,Veined,97.1,60.4,91.3,224.5,32.3,329.6,Passed
FS-0556,2024-08-14,C. Williams,550199.9,7199911.0,1632.5,Gneiss,Weak,Veined,338.3,126.9,13.5,75.6,52.0,1957.5,Passed
FS-0557,2024-04-20,D. Brown,549971.4,7199785.0,1384.5,Diorite,Intense,Foliated,1173.9,192.2,87.1,182.9,182.8,1141.8,Passed
FS-0558,2024-04-06,D. Brown,552258.1,7196198.5,1561.2,Diorite,Weak,Brecciated,111.5,110.0,111.6,158.3,28.5,1180.5,Passed
FS-0559,2024-06-27,B. Johnson,555274.1,7208501.6,1619.0,Basalt,Weak,Massive,80.5,66.0,147.8,186.1,18.2,802.8,Passed
FS-0560,2024-04-05,A. Smith,549600.8,7199760.2,1214.1,Basalt,Strong,Brecciated,261.0,42.1,19.5,67.9,49.6,1942.7,Passed
FS-0561,2024-09-10,C. Williams,556437.7,7202446.2,1378.6,Schist,Intense,Brecciated,259.1,56.0,87.3,125.3,38.8,1458.3,Passed
FS-0562,2024-06-02,D. Brown,553475.7,7204246.9,1777.7,Schist,Fresh,Massive,226.5,66.2,19.4,130.2,37.3,1038.7,Passed
FS-0563,2024-05-12,C. Williams,549451.9,7199899.0,1604.7,Schist,Moderate,Foliated,3613.4,428.4,84.8,279.1,459.5,945.1,Passed
FS-0564,2024-06-10,C. Williams,558119.9,7209131.4,1375.3,Diorite,Moderate,Veined,3151.8,401.0,56.5,194.0,326.3,1700.8,Passed
FS-0565,2024-07-19,D. Brown,549646.7,7199820.2,1446.0,Granite,Intense,Foliated,330.8,143.7,137.1,174.0,52.6,1587.0,Failed
FS-0566,2024-07-04,B. Johnson,551706.6,7199644.8,1656.1,Schist,Weak,Massive,362.2,123.1,108.5,82.0,46.8,1334.5,Passed
FS-0567,2024-08-11,D. Brown,546978.7,7206666.2,1222.4,Granite,Fresh,Veined,102.2,76.2,117.6,252.2,29.3,454.6,Passed
FS-0568,2024-04-05,A. Smith,550295.1,7199660.0,1436.1,Basalt,Intense,Brecciated,154.1,85.6,91.7,247.7,36.7,1860.9,Passed
FS-0569,2024-04-09,C. Williams,547837.3,7205436.4,1437.9,Diorite,Fresh,Massive,17.7,36.2,167.5,72.5,20.2,1407.3,Passed
FS-0570,2024-03-28,B. Johnson,549693.3,7200083.9,1443.9,Quartzite,Fresh,Massive,90.8,84.8,135.0,241.0,23.0,1172.5,Passed
FS-0571,2024-03-18,C. Williams,558457.8,7203536.2,1368.3,Gneiss,Fresh,Foliated,338.8,75.1,98.5,80.8,62.0,267.6,Passed
FS-0572,2024-08-02,B. Johnson,550258.6,7199087.2,1768.3,Diorite,Weak,Veined,326.9,136.2,40.3,84.3,46.5,1136.6,Passed
FS-0573,2024-06-01,B. Johnson,549684.8,7200571.7,1264.7,Diorite,Fresh,Foliated,188.7,107.6,79.4,250.3,31.6,987.6,Passed
FS-0574,2024-05-25,D. Brown,550210.6,7207207.5,1349.5,Quartzite,Fresh,Foliated,27.3,40.5,120.5,237.8,21.4,1668.9,Passed
FS-0575,2024-06-01,B. Johnson,550771.2,7199562.7,1228.0,Gneiss,Moderate,Brecciated,601.1,117.9,191.9,208.7,106.7,438.3,Passed
FS-0576,2024-08-02,D. Brown,555833.2,7208744.4,1355.4,Gneiss,Strong,Massive,741.0,146.5,128.2,254.7,104.7,1884.3,Passed
FS-0577,2024-07-02,D. Brown,553124.4,7203052.3,1752.3,Diorite,Strong,Foliated,29.0,87.3,121.1,215.8,9.8,893.5,Failed
FS-0578,2024-07-23,C. Williams,555870.6,7197211.5,1348.4,Diorite,Weak,Brecciated,414.9,126.0,32.7,153.6,62.8,1124.3,Passed
FS-0579,2024-08-23,D. Brown,556141.2,7195749.9,1749.8,Granite,Strong,Massive,837.0,180.5,77.0,188.7,124.6,1315.0,Passed
FS-0580,2024-08-06,C. Williams,558461.0,7196640.9,1261.2,Diorite,Weak,Brecciated,18.9,34.4,31.5,77.6,7.1,1422.4,Passed
FS-0581,2024-09-28,B. Johnson,556100.6,7195022.6,1523.7,Diorite,Weak,Veined,106.2,72.1,106.6,186.6,20.5,795.1,Passed
FS-0582,2024-10-01,B. Johnson,549466.7,7200538.7,1659.6,Quartzite,Moderate,Massive,1628.7,232.4,181.7,137.3,167.1,1342.4,Passed
FS-0583,2024-05-20,C. Williams,549020.1,7201785.3,1498.8,Basalt,Weak,Foliated,256.1,87.0,36.9,193.2,27.0,250.0,Passed
FS-0584,2024-05-05,C. Williams,549559.6,7200897.8,1757.4,Schist,Weak,Massive,104.1,,98.0,224.5,29.4,477.5,Passed
FS-0585,2024-05-27,C. Williams,559309.3,7195641.2,1426.2,Basalt,Moderate,Massive,262.4,90.4,154.5,40.9,30.8,690.7,Failed
FS-0586,2024-06-23,B. Johnson,549804.8,7199756.8,1291.1,Diorite,Fresh,Veined,,118.4,92.7,142.6,144.7,1099.1,Passed
FS-0587,2024-07-01,A. Smith,546646.0,7199900.7,1533.8,Granite,Strong,Veined,2354.9,308.9,187.2,149.4,206.2,1144.0,Passed
FS-0588,2024-08-17,C. Williams,559396.4,7204567.1,1369.1,Schist,Moderate,Massive,272.2,50.0,186.7,248.3,40.8,522.3,Passed
FS-0589,2024-05-01,C. Williams,545682.1,7197446.4,1351.8,Diorite,Fresh,Veined,1049.2,159.5,94.8,252.9,165.2,931.3,Passed
FS-0590,2024-11-04,B. Johnson,547987.4,7206030.3,1211.9,Diorite,Strong,Brecciated,138.7,56.8,47.4,73.5,33.9,806.0,Failed
FS-0591,2024-09-07,A. Smith,549699.3,7199672.4,1307.7,Diorite,Intense,Foliated,599.2,167.7,127.0,208.2,78.2,1216.2,Passed
FS-0592,2024-03-15,D. Brown,551482.9,7207339.5,1653.8,Diorite,Weak,Foliated,67.9,63.9,181.0,52.5,28.6,805.2,Passed
FS-0593,2024-11-26,D. Brown,549637.7,7200105.6,1531.3,Granite,Fresh,Massive,51.4,72.7,28.8,176.0,15.0,1114.6,Passed
FS-0594,2024-08-06,D. Brown,555924.8,7195949.5,1486.1,Quartzite,Fresh,Brecciated,224.1,91.4,80.3,187.1,38.7,211.3,Failed
FS-0595,2024-11-04,C. Williams,550232.6,7200118.6,1564.0,Schist,Fresh,Brecciated,134.1,86.1,76.5,164.3,29.2,1522.0,Passed
FS-0596,2024-05-23,D. Brown,555439.0,7207329.6,1520.3,Diorite,Intense,Veined,576.0,130.4,179.3,73.9,67.2,787.1,Passed
FS-0597,2024-09-21,A. Smith,556072.6,7208298.9,1547.6,Gneiss,Fresh,Brecciated,23.4,102.3,22.0,148.2,14.3,1313.7,Passed
FS-0598,2024-03-18,A. Smith,553929.3,7199604.9,1607.8,Basalt,Intense,Veined,4212.2,609.6,125.6,166.1,429.9,744.1,Passed
FS-0599,2024-10-08,C. Williams,552784.8,7204448.7,1323.8,Quartzite,Intense,Massive,406.1,117.0,107.8,136.5,45.9,217.8,Passed
FS-0600,2024-04-27,A. Smith,550354.3,7200425.8,1438.0,Basalt,Intense,Massive,51.7,68.5,112.5,180.0,12.0,1774.9,Passed
FS-0601,2024-08-16,C. Williams,553112.9,7198554.4,1557.0,Schist,Moderate,Massive,83982.9,79.3,80.4,33.4,29.9,201.1,Passed
FS-0602,2024-09-25,D. Brown,550664.1,7199440.7,1413.5,Diorite,Fresh,Veined,323.0,139.0,136.3,272.2,45.2,729.5,Passed
FS-0603,2024-03-17,D. Brown,558684.0,7204804.4,1518.5,Diorite,Strong,Massive,111.3,52.7,190.4,98.1,20.0,1282.6,Passed
FS-0604,2024-09-16,C. Williams,559320.4,7203379.4,1757.5,Basalt,Weak,Veined,672.9,105.3,123.5,265.5,97.8,446.5,Passed
FS-0605,2024-05-06,B. Johnson,550366.3,7200018.2,1759.1,Quartzite,Moderate,Brecciated,689.7,101.2,159.2,130.5,88.5,601.1,Passed
FS-0606,2024-08-06,A. Smith,557266.7,7203015.7,1387.5,Schist,Fresh,Foliated,13.0,93.6,20.7,230.1,8.7,909.9,Passed
FS-0607,2024-04-28,A. Smith,556687.0,7198552.4,1667.3,Diorite,Strong,Brecciated,286.5,98.6,115.3,76.2,38.1,1252.0,Passed
FS-0608,2024-05-22,C. Williams,550146.5,7199821.1,1269.4,Gneiss,Moderate,Brecciated,273.5,105.7,19.0,113.3,33.2,366.9,Passed
FS-0609,2024-10-10,C. Williams,556470.3,7204579.4,1414.0,Diorite,Moderate,Brecciated,354.6,91.1,143.4,294.6,66.7,1027.0,Passed
FS-0610,2024-07-28,B. Johnson,550069.8,7200593.6,1218.2,Diorite,Fresh,Foliated,85.7,72.5,124.2,79.2,15.3,1885.4,Failed
FS-0611,2024-10-17,B. Johnson,553352.2,7200289.4,1304.5,Gneiss,Strong,Foliated,212.3,64.8,72.1,208.4,25.6,1867.8,Passed
FS-0612,2024-10-26,A. Smith,549781.0,7199906.0,1454.9,Schist,Weak,Veined,216.8,120.6,122.6,137.3,30.9,1877.9,Passed
FS-0613,2024-06-07,D. Brown,549694.9,7199764.6,1425.6,Schist,Moderate,Veined,77.8,28.8,123.2,121.9,14.8,610.2,Passed
FS-0614,2024-11-08,C. Williams,549823.3,7199402.2,1445.8,Gneiss,Moderate,Veined,224.1,71.2,152.7,273.3,41.3,1406.0,Passed
FS-0615,2024-08-15,B. Johnson,558152.6,7207358.3,1733.9,Basalt,Intense,Veined,823.8,122.8,23.6,231.2,102.5,1033.0,Failed
FS-0616,2024-04-27,B. Johnson,549308.9,7199820.5,1744.4,Schist,Fresh,Brecciated,72.3,104.0,164.1,243.3,18.2,1630.6,Passed
FS-0617,2024-09-16,B. Johnson,550868.3,7202850.6,1249.8,Quartzite,Weak,Massive,18.4,27.8,56.7,296.2,20.2,1085.0,Failed
FS-0618,2024-04-09,C. Williams,558312.6,7195340.0,1677.0,Quartzite,Intense,Foliated,981.4,159.4,185.7,188.0,128.7,597.8,Passed
FS-0619,2024-04-21,C. Williams,553076.9,7195310.0,1633.1,Quartzite,Fresh,Veined,40.3,42.1,121.1,32.8,19.4,1925.3,Failed
FS-0620,2024-05-28,D. Brown,554694.8,7199727.2,1272.8,Quartzite,Strong,Massive,376.5,85.8,33.4,106.5,51.8,309.8,Passed
FS-0621,2024-07-07,D. Brown,550415.3,7200194.4,1618.3,Gneiss,Strong,Foliated,318.1,97.4,123.9,183.5,52.0,576.2,Passed
FS-0622,2024-03-23,A. Smith,553168.3,7209631.4,1785.9,Schist,Fresh,Veined,276.0,74.8,81.4,187.9,41.2,1222.6,Passed
FS-0623,2024-08-26,A. Smith,549875.2,7200483.7,1607.3,Granite,Weak,Foliated,235.5,125.1,133.5,140.7,26.7,817.6,Passed
FS-0624,2024-07-06,A. Smith,548823.3,7196030.3,1622.9,Schist,Fresh,Massive,300.0,117.1,73.6,265.5,58.0,1342.7,Passed
FS-0625,2024-09-27,C. Williams,549819.7,7200184.2,1313.3,Gneiss,Intense,Massive,433.3,100.3,138.5,152.4,75.6,1152.0,Passed
FS-0626,2024-08-26,B. Johnson,553630.2,7203627.0,1226.9,Schist,Strong,Veined,,699.4,118.2,76.7,571.0,1165.8,Passed
FS-0627,2024-11-15,C. Williams,556316.0,7200259.1,1713.4,Diorite,Moderate,Brecciated,44.0,100.1,163.1,289.2,23.2,1973.2,Passed
FS-0628,2024-09-27,C. Williams,556485.0,7195526.7,1383.0,Diorite,Intense,Massive,355.5,92.5,149.1,87.9,54.9,711.1,Passed
FS-0629,2024-10-01,C. Williams,549861.6,7199332.7,1573.6,Granite,Moderate,Foliated,371.6,90.2,76.2,242.6,46.0,1945.8,Passed
FS-0630,2024-04-21,B. Johnson,548489.7,7196274.9,1220.9,Quartzite,Moderate,Brecciated,140.4,84.3,141.0,256.5,24.7,689.8,Passed
FS-0631,2024-05-09,C. Williams,548603.0,7203262.6,1245.2,Gneiss,Strong,Veined,60.9,63.6,121.6,228.6,21.7,1054.4,Passed
FS-0632,2024-07-28,D. Brown,550088.8,7200181.1,1497.6,Basalt,Weak,Foliated,153.0,65.3,30.5,253.7,36.5,292.9,Passed
FS-0633,2024-07-13,D. Brown,549881.9,7200108.8,1207.2,Gneiss,Strong,Brecciated,672.6,109.8,158.1,93.8,105.1,1807.9,Passed
FS-0634,2024-05-03,C. Williams,550639.2,7199829.2,1206.0,Schist,Strong,Veined,309.9,,126.9,54.2,61.6,1554.7,Passed
FS-0635,2024-10-06,B. Johnson,550259.9,7200877.9,1539.8,Quartzite,Intense,Brecciated,3725.0,316.8,70.1,279.0,435.0,1592.3,Passed
FS-0636,2024-04-16,A. Smith,553207.4,7209892.2,1241.0,Granite,Strong,Veined,228.4,61.9,172.8,281.3,41.2,437.1,Passed
FS-0637,2024-05-03,D. Brown,549809.5,7200290.7,1552.6,Granite,Weak,Massive,307.1,64.5,127.2,86.2,59.2,528.7,Passed
FS-0638,2024-08-04,B. Johnson,552054.9,7196183.5,1479.4,Basalt,Intense,Massive,191.8,67.5,35.0,58.7,38.4,1401.3,Passed
FS-0639,2024-11-19,A. Smith,549067.2,7200439.9,1796.0,Quartzite,Moderate,Brecciated,136.0,67.5,50.6,132.4,37.0,305.8,Passed
FS-0640,2024-11-17,C. Williams,548882.3,7202667.6,1338.4,Quartzite,Intense,Massive,112.8,34.2,86.7,229.0,22.7,1575.4,Passed
FS-0641,2024-09-20,B. Johnson,556781.3,7209694.7,1367.2,Basalt,Intense,Brecciated,283.1,42.5,41.6,230.7,42.1,1085.0,Passed
FS-0642,2024-03-12,C. Williams,550091.1,7200338.4,1236.6,Granite,Intense,Brecciated,299.2,52.6,10.9,169.4,49.9,1229.1,Passed
FS-0643,2024-04-09,A. Smith,545039.8,7203694.7,1713.5,Granite,Strong,Foliated,473.3,123.1,111.1,238.8,73.3,1508.2,Passed
FS-0644,2024-09-01,C. Williams,559834.9,7209264.3,1765.7,Gneiss,Strong,Brecciated,710.6,109.9,179.2,225.2,95.3,639.8,Passed
FS-0645,2024-04-04,A. Smith,554932.3,7203329.4,1421.6,Basalt,Moderate,Foliated,73.0,52.4,55.4,141.5,15.4,253.9,Passed
FS-0646,2024-09-19,C. Williams,550308.8,7199746.4,1442.7,Schist,Weak,Massive,53.4,34.4,156.3,275.8,19.9,1439.7,Passed
FS-0647,2024-05-21,B. Johnson,553947.0,7206505.9,1780.9,Diorite,Strong,Foliated,73.5,100.8,98.8,243.2,22.9,845.3,Passed
FS-0648,2024-09-10,B. Johnson,548334.0,7209936.2,1210.4,Basalt,Fresh,Foliated,56.4,57.4,23.2,77.7,13.9,1336.8,Passed
FS-0649,2024-08-19,A. Smith,550335.9,7199625.1,1730.0,Granite,Strong,Foliated,233.7,55.8,37.2,53.4,31.2,361.5,Passed
FS-0650,2024-06-05,D. Brown,550103.2,7200065.1,1742.7,Gneiss,Moderate,Massive,347.6,134.8,183.6,233.6,54.5,761.7,Passed
FS-0651,2024-07-21,B. Johnson,559677.0,7201284.4,1331.3,Quartzite,Moderate,Brecciated,205.3,94.6,48.9,227.6,29.0,1085.3,Passed
FS-0652,2024-07-08,C. Williams,551327.8,7202367.5,1445.9,Diorite,Weak,Veined,1161.1,209.7,197.5,167.5,115.0,1725.1,Passed
FS-0653,2024-08-23,D. Brown,557838.9,7199140.9,1246.0,Gneiss,Strong,Brecciated,738.5,139.0,167.7,208.8,112.4,1240.7,Passed
FS-0654,2024-08-01,A. Smith,558989.7,7207094.1,1382.0,Gneiss,Strong,Veined,257.6,120.7,153.2,177.9,30.2,1905.5,Passed
FS-0655,2024-04-11,D. Brown,554069.0,7206268.1,1298.2,Basalt,Intense,Foliated,88.1,36.9,33.5,211.1,28.3,1302.4,Passed
FS-0656,2024-11-18,A. Smith,551954.0,7195037.8,1601.2,Diorite,Moderate,Foliated,76.4,42.0,22.3,169.5,25.8,1256.0,Passed
FS-0657,2024-11-01,D. Brown,557992.6,7195274.3,1708.0,Granite,Fresh,Foliated,38.0,44.3,15.6,221.2,11.3,291.7,Failed
FS-0658,2024-09-01,B. Johnson,546507.2,7205949.7,1723.4,Schist,Fresh,Massive,73.2,101.0,19.4,54.2,25.6,696.8,Passed
FS-0659,2024-06-10,D. Brown,548610.5,7206253.2,1497.8,Granite,Intense,Brecciated,960.2,206.2,178.0,72.0,96.1,1977.9,Passed
FS-0660,2024-03-24,C. Williams,549422.4,7199225.5,1581.7,Gneiss,Moderate,Veined,3501.4,352.5,41.5,62.2,318.4,1050.6,Passed
FS-0661,2024-11-17,D. Brown,545051.9,7197064.0,1480.8,Granite,Weak,Brecciated,16.0,84.0,99.3,255.4,15.0,433.6,Passed
FS-0662,2024-09-09,D. Brown,546809.2,7197969.5,1403.3,Diorite,Fresh,Brecciated,218.3,59.2,12.8,225.2,37.6,1188.3,Passed
FS-0663,2024-10-28,A. Smith,549567.9,7199394.7,1375.9,Diorite,Weak,Brecciated,622.9,148.5,114.8,258.7,71.4,667.2,Passed
FS-0664,2024-03-13,D. Brown,550347.6,7201554.0,1614.1,Diorite,Intense,Veined,397.9,59.9,47.5,42.5,42.0,1893.8,Failed
FS-0665,2024-07-26,B. Johnson,550196.9,7200806.5,1267.5,Gneiss,Weak,Foliated,20.4,94.3,150.3,192.2,10.7,1657.1,Passed
FS-0666,2024-08-28,B. Johnson,550887.2,7200652.6,1426.2,Quartzite,Moderate,Brecciated,,149.3,72.7,113.7,92.5,363.3,Passed
FS-0667,2024-08-01,A. Smith,549142.1,7202480.0,1355.7,Diorite,Strong,Brecciated,500.9,124.1,174.2,66.9,69.9,1586.8,Passed
FS-0668,2024-10-11,A. Smith,549288.0,7199533.8,1498.7,Granite,Moderate,Veined,258.1,97.2,40.5,228.3,43.3,233.9,Passed
FS-0669,2024-07-14,C. Williams,551342.8,7201938.6,1284.8,Basalt,Fresh,Brecciated,14.1,51.7,60.1,206.1,13.7,1156.8,Passed
FS-0670,2024-10-22,A. Smith,549573.4,7200035.8,1337.0,Granite,Weak,Brecciated,171.6,93.7,82.8,73.7,35.1,511.0,Passed
FS-0671,2024-09-22,D. Brown,558402.5,7197789.0,1509.7,Basalt,Fresh,Brecciated,41.3,40.3,100.9,48.3,18.1,1702.7,Passed
FS-0672,2024-08-07,D. Brown,555374.4,7200372.0,1275.2,Gneiss,Strong,Brecciated,341.0,121.1,109.4,136.2,48.8,1423.0,Passed
FS-0673,2024-03-23,C. Williams,556661.3,7198895.6,1408.1,Granite,Intense,Foliated,315.3,115.5,91.5,99.5,61.0,215.9,Passed
FS-0674,2024-08-14,D. Brown,549336.6,7200110.7,1478.0,Quartzite,Moderate,Veined,237.0,101.2,110.1,69.7,35.8,525.7,Passed
FS-0675,2024-09-24,B. Johnson,548093.6,7195894.5,1305.6,Quartzite,Weak,Brecciated,83.2,38.9,158.1,72.6,29.7,1789.5,Passed
FS-0676,2024-04-10,C. Williams,551062.2,7203301.9,1219.4,Diorite,Fresh,Brecciated,105.8,112.3,196.9,244.6,28.3,225.0,Passed
FS-0677,2024-05-22,D. Brown,550084.0,7199844.5,1527.8,Granite,Strong,Brecciated,295.4,83.3,47.7,79.9,57.3,1703.2,Passed
FS-0678,2024-07-09,D. Brown,557792.2,7207945.4,1464.3,Gneiss,Moderate,Brecciated,129.0,40.2,85.6,281.0,28.4,668.2,Passed
FS-0679,2024-08-20,C. Williams,549348.9,7199503.9,1334.9,Schist,Weak,Brecciated,63.9,51.0,156.8,250.6,17.1,307.1,Passed
FS-0680,2024-09-15,D. Brown,557360.9,7201804.3,1299.7,Quartzite,Moderate,Veined,60.1,67.5,113.8,111.4,12.6,205.0,Passed
FS-0681,2024-08-25,D. Brown,545325.5,7195668.9,1206.1,Quartzite,Fresh,Foliated,60.8,103.0,177.6,94.3,26.7,258.6,Passed
FS-0682,2024-11-19,A. Smith,547600.3,7197353.2,1774.3,Diorite,Weak,Foliated,38.8,52.4,195.0,60.7,23.9,1792.5,Passed
FS-0683,2024-08-10,C. Williams,555244.3,7195500.9,1713.2,Gneiss,Intense,Veined,763.1,90.5,171.5,136.4,88.0,493.8,Passed
FS-0684,2024-05-01,A. Smith,556199.3,7203075.5,1587.1,Granite,Weak,Veined,322.1,,84.6,275.1,51.5,1301.1,Passed
FS-0685,2024-03-04,B. Johnson,549667.9,7200007.5,1488.7,Basalt,Intense,Veined,465.6,98.3,27.7,84.9,45.5,1006.6,Passed
FS-0686,2024-05-06,D. Brown,555544.9,7196498.1,1423.4,Quartzite,Strong,Foliated,141.6,59.0,29.5,274.5,30.6,1462.2,Passed
FS-0687,2024-04-15,B. Johnson,549735.2,7199873.2,1645.1,Gneiss,Moderate,Veined,1206.4,153.7,173.4,125.7,128.2,772.0,Passed
FS-0688,2024-06-24,B. Johnson,549730.8,7199675.2,1599.7,Granite,Intense,Brecciated,516.7,86.2,141.6,97.9,73.3,436.3,Passed
FS-0689,2024-11-18,B. Johnson,548815.6,7206968.4,1392.8,Gneiss,Fresh,Foliated,23.8,89.0,47.7,86.4,14.2,622.1,Passed
FS-0690,2024-11-14,C. Williams,550832.8,7199141.7,1299.6,Schist,Intense,Veined,2078.8,291.2,149.7,173.2,304.9,1693.2,Failed
FS-0691,2024-05-25,C. Williams,555659.0,7202167.4,1442.7,Diorite,Fresh,Veined,163.7,51.2,158.2,266.2,27.3,1526.8,Passed
FS-0692,2024-09-06,B. Johnson,550044.9,7199951.9,1263.8,Diorite,Moderate,Brecciated,231.2,53.0,12.4,259.8,39.0,505.1,Passed
FS-0693,2024-06-09,A. Smith,549398.8,7199701.2,1672.8,Gneiss,Strong,Brecciated,71.0,97.7,179.5,253.6,17.0,294.7,Passed
FS-0694,2024-09-07,B. Johnson,550371.0,7199381.1,1211.3,Diorite,Intense,Massive,652.2,81.2,168.9,55.3,100.1,1909.3,Passed
FS-0695,2024-09-28,A. Smith,551298.1,7195319.0,1517.3,Schist,Strong,Massive,162.9,102.5,100.1,147.7,29.6,433.6,Passed
FS-0696,2024-06-23,C. Williams,549676.7,7199841.8,1304.1,Basalt,Strong,Massive,381.5,124.9,178.4,242.4,42.8,406.4,Passed
FS-0697,2024-07-23,A. Smith,549495.1,7209080.4,1629.2,Schist,Moderate,Veined,786.0,116.0,180.0,171.3,121.2,1057.9,Passed
FS-0698,2024-03-14,B. Johnson,554066.1,7197700.9,1784.8,Basalt,Strong,Massive,181.1,38.1,170.8,197.3,29.0,1216.3,Passed
FS-0699,2024-07-23,B. Johnson,550313.4,7200559.2,1467.2,Basalt,Moderate,Massive,609.0,88.6,166.5,184.6,71.6,1007.5,Passed
FS-0700,2024-05-12,C. Williams,550545.8,7198380.9,1705.2,Diorite,Strong,Massive,123.4,39.4,12.3,288.5,23.1,1272.1,Passed
FS-0701,2024-11-28,C. Williams,549694.3,7206128.8,1360.8,Granite,Strong,Veined,-22.2,85.6,100.6,51.0,23.7,1409.5,Passed
FS-0702,2024-09-24,A. Smith,548797.8,7200344.3,1513.5,Basalt,Weak,Brecciated,161.6,101.5,153.5,139.1,40.8,1864.3,Passed
FS-0703,2024-08-22,C. Williams,546306.9,7200591.5,1510.5,Gneiss,Intense,Massive,304.6,81.9,17.8,152.7,43.3,1714.3,Failed
FS-0704,2024-09-01,C. Williams,550450.1,7206293.5,1457.0,Basalt,Fresh,Foliated,94.4,29.7,101.8,148.8,27.5,579.8,Passed
FS-0705,2024-10-23,A. Smith,547034.6,7206023.4,1452.4,Schist,Intense,Veined,1707.3,245.3,51.4,235.2,240.5,1417.3,Passed
FS-0706,2024-09-16,B. Johnson,548065.3,7205196.1,1301.5,Gneiss,Intense,Brecciated,,206.4,32.4,153.0,245.2,672.3,Failed
FS-0707,2024-09-25,A. Smith,551022.1,7205849.3,1217.8,Schist,Weak,Foliated,40.9,63.3,189.3,186.7,21.1,519.2,Failed
FS-0708,2024-04-22,B. Johnson,553427.8,7201280.2,1393.7,Diorite,Weak,Brecciated,236.4,71.6,65.5,38.2,42.1,1492.3,Failed
FS-0709,2024-06-03,B. Johnson,549537.3,7209843.5,1560.9,Granite,Fresh,Veined,114.5,83.9,22.1,121.8,28.7,1169.5,Passed
FS-0710,2024-03-12,C. Williams,552957.5,7209378.9,1362.9,Gneiss,Intense,Veined,717.2,167.3,150.7,155.8,67.3,1169.8,Passed
FS-0711,2024-10-17,A. Smith,550653.6,7204613.4,1598.0,Quartzite,Fresh,Veined,804.0,135.7,133.6,98.2,129.3,1590.3,Passed
FS-0712,2024-11-03,C. Williams,550801.6,7199679.6,1268.7,Granite,Intense,Foliated,443.8,98.1,16.0,203.0,55.1,1759.1,Passed
FS-0713,2024-10-06,D. Brown,550610.7,7201041.7,1530.2,Quartzite,Moderate,Veined,1195.8,105.4,106.5,186.5,189.8,810.0,Passed
FS-0714,2024-10-21,C. Williams,549971.1,7200016.1,1762.2,Quartzite,Fresh,Brecciated,525.3,54.8,35.4,34.5,70.3,1324.8,Passed
FS-0715,2024-03-21,B. Johnson,551319.2,7205087.8,1729.4,Basalt,Moderate,Foliated,71.8,105.6,139.3,266.3,16.7,1820.0,Passed
FS-0716,2024-05-01,C. Williams,558956.7,7197139.1,1297.4,Basalt,Weak,Brecciated,74.6,54.9,11.7,178.9,18.2,679.3,Passed
FS-0717,2024-09-27,A. Smith,549395.3,7200591.7,1200.5,Basalt,Weak,Brecciated,33.7,40.8,155.2,99.1,14.4,1557.0,Failed
FS-0718,2024-10-26,C. Williams,549175.7,7195244.0,1345.8,Schist,Moderate,Foliated,75.7,41.3,34.2,145.5,22.0,886.1,Passed
FS-0719,2024-11-14,C. Williams,546940.2,7203722.2,1540.2,Schist,Weak,Foliated,16.1,32.0,82.9,137.5,20.9,1939.7,Passed
FS-0720,2024-05-07,C. Williams,559779.0,7208630.2,1768.8,Quartzite,Weak,Foliated,7.0,61.8,144.9,151.8,18.9,537.1,Passed
FS-0721,2024-03-10,A. Smith,549843.7,7199975.1,1768.5,Basalt,Intense,Foliated,231.1,54.8,198.3,138.7,34.9,252.8,Passed
FS-0722,2024-07-10,A. Smith,554873.4,7201996.2,1439.3,Gneiss,Fresh,Veined,678.6,145.5,51.4,61.9,112.9,567.4,Passed
FS-0723,2024-08-05,D. Brown,549476.8,7199661.3,1586.7,Quartzite,Strong,Veined,1706.8,144.6,74.0,92.7,267.1,1226.4,Passed
FS-0724,2024-09-14,A. Smith,548915.3,7208586.2,1440.4,Gneiss,Intense,Massive,2100.0,184.6,79.3,199.5,234.1,205.0,Passed
FS-0725,2024-09-04,D. Brown,559672.6,7197294.0,1658.7,Quartzite,Moderate,Massive,30.4,49.0,193.2,207.3,12.0,1067.9,Passed
FS-0726,2024-09-04,A. Smith,549669.9,7200020.4,1301.7,Schist,Moderate,Massive,209.2,60.4,73.4,197.9,40.1,1704.5,Passed
FS-0727,2024-06-17,D. Brown,549685.9,7200081.4,1639.1,Basalt,Moderate,Veined,1150.7,136.5,152.5,174.3,157.8,1758.8,Passed
FS-0728,2024-08-03,A. Smith,552056.5,7199820.3,1666.4,Gneiss,Fresh,Brecciated,451.1,149.0,41.6,175.3,73.2,824.8,Passed
FS-0729,2024-08-13,B. Johnson,545555.6,7207209.1,1535.0,Basalt,Intense,Massive,194.7,104.8,95.9,103.2,32.7,1641.4,Passed
FS-0730,2024-08-08,A. Smith,545703.4,7202378.5,1483.7,Granite,Moderate,Massive,607.4,96.9,112.5,295.9,98.4,1990.0,Passed
FS-0731,2024-11-05,B. Johnson,549267.5,7199813.8,1553.1,Schist,Weak,Massive,122.4,56.3,194.7,230.8,30.1,1388.1,Failed
FS-0732,2024-11-01,B. Johnson,547361.7,7205467.2,1254.3,Schist,Moderate,Brecciated,235.9,58.3,20.5,81.3,30.8,1973.8,Passed
FS-0733,2024-07-28,A. Smith,552608.4,7195801.3,1661.2,Schist,Strong,Massive,328.7,54.3,196.0,223.2,59.0,1279.1,Passed
FS-0734,2024-11-27,C. Williams,546182.9,7197995.4,1713.7,Diorite,Strong,Brecciated,89.1,,85.9,80.3,18.9,414.7,Passed
FS-0735,2024-03-10,D. Brown,555083.5,7197384.0,1210.9,Diorite,Intense,Brecciated,627.1,110.0,142.7,243.3,102.4,1754.4,Passed
FS-0736,2024-06-03,D. Brown,549339.1,7206188.5,1693.7,Gneiss,Moderate,Foliated,188.2,56.9,87.4,97.0,42.6,1465.6,Passed
FS-0737,2024-03-12,B. Johnson,547068.0,7200765.5,1643.9,Basalt,Fresh,Foliated,15.7,63.4,19.2,280.6,7.3,293.3,Passed
FS-0738,2024-03-13,D. Brown,550229.9,7199577.0,1277.6,Gneiss,Fresh,Brecciated,273.0,128.4,21.2,230.0,52.1,1350.4,Passed
FS-0739,2024-08-05,A. Smith,550084.5,7205328.4,1660.4,Schist,Moderate,Brecciated,255.2,129.7,17.9,198.3,49.4,1160.2,Passed
FS-0740,2024-05-28,D. Brown,557220.9,7202395.0,1377.2,Basalt,Moderate,Veined,120.2,52.7,72.6,168.7,35.3,423.8,Passed
FS-0741,2024-11-04,D. Brown,550255.9,7198170.4,1731.8,Basalt,Moderate,Brecciated,116.5,63.9,54.6,249.1,20.1,384.6,Passed
FS-0742,2024-05-10,D. Brown,550544.6,7200035.9,1584.2,Schist,Strong,Massive,169.1,40.8,191.4,213.8,35.8,322.1,Passed
FS-0743,2024-04-14,D. Brown,549740.5,7195809.5,1515.9,Gneiss,Fresh,Veined,85.0,62.7,60.4,221.6,15.9,1943.5,Passed
FS-0744,2024-06-04,C. Williams,559812.7,7202013.1,1232.6,Quartzite,Strong,Massive,400.4,107.0,92.6,230.8,72.3,740.6,Passed
FS-0745,2024-06-14,C. Williams,546845.8,7198525.8,1728.7,Quartzite,Intense,Brecciated,102.3,81.1,19.3,80.1,24.7,637.2,Passed
FS-0746,2024-10-26,A. Smith,548665.4,7195089.7,1585.4,Gneiss,Weak,Foliated,,33.3,144.2,218.6,9.9,582.9,Passed
FS-0747,2024-06-19,D. Brown,550975.8,7200250.0,1752.9,Basalt,Weak,Foliated,879.4,99.1,99.9,93.9,122.3,1879.5,Passed
FS-0748,2024-06-24,C. Williams,545701.0,7198574.5,1309.4,Gneiss,Fresh,Veined,170.0,45.1,192.7,163.6,30.3,327.1,Failed
FS-0749,2024-05-20,A. Smith,552249.1,7207298.2,1717.2,Basalt,Moderate,Veined,105.2,85.2,128.2,84.5,26.8,1926.9,Passed
FS-0750,2024-03-01,D. Brown,559770.2,7198201.7,1292.8,Schist,Weak,Foliated,48.8,82.6,143.0,39.1,23.7,917.2,Passed
FS-0751,2024-10-01,D. Brown,549847.0,7199941.1,1427.1,Granite,Moderate,Veined,159.6,96.6,131.7,243.6,30.6,735.5,Passed
FS-0752,2024-05-16,C. Williams,549680.9,7199572.2,1668.9,Basalt,Intense,Foliated,444.5,111.0,40.4,257.5,66.0,641.2,Passed
FS-0753,2024-06-26,C. Williams,556907.9,7209157.6,1729.8,Basalt,Strong,Massive,127.3,42.0,185.8,294.9,25.3,1458.2,Passed
FS-0754,2024-11-23,C. Williams,553972.4,7196160.8,1559.2,Quartzite,Intense,Brecciated,976.2,170.4,34.2,231.2,99.1,1955.6,Passed
FS-0755,2024-09-04,B. Johnson,549869.9,7199349.1,1760.7,Gneiss,Fresh,Massive,165.8,86.1,44.7,151.6,32.5,1534.4,Passed
FS-0756,2024-05-07,C. Williams,549502.6,7207400.7,1757.5,Diorite,Moderate,Brecciated,643.3,125.1,36.9,290.6,88.8,569.1,Failed
FS-0757,2024-11-21,D. Brown,549262.3,7198880.6,1374.1,Schist,Intense,Massive,443.7,107.1,86.2,156.2,73.7,1963.2,Failed
FS-0758,2024-07-13,A. Smith,549868.5,7201425.7,1466.3,Basalt,Intense,Brecciated,68.0,100.9,39.3,136.6,11.6,414.8,Failed
FS-0759,2024-03-19,B. Johnson,550762.9,7196986.1,1259.4,Basalt,Moderate,Veined,1061.3,200.2,189.9,117.1,124.3,1552.9,Passed
FS-0760,2024-10-12,A. Smith,547582.2,7202053.9,1364.8,Granite,Fresh,Brecciated,53.2,36.1,139.8,126.5,18.4,946.5,Passed
FS-0761,2024-07-11,A. Smith,550773.2,7199374.8,1356.0,Gneiss,Intense,Brecciated,232.1,62.1,70.5,156.9,38.6,275.4,Passed
FS-0762,2024-10-01,B. Johnson,545683.7,7204333.2,1685.9,Basalt,Weak,Foliated,51.9,28.4,126.2,174.4,21.7,254.7,Passed
FS-0763,2024-04-07,C. Williams,545181.7,7206552.4,1582.8,Gneiss,Strong,Brecciated,105.7,56.3,125.8,172.2,29.1,737.9,Passed
FS-0764,2024-10-07,C. Williams,550664.6,7205369.5,1379.5,Gneiss,Fresh,Veined,198.4,59.1,167.4,235.5,27.7,281.3,Passed
FS-0765,2024-03-06,C. Williams,549468.6,7199262.0,1226.6,Diorite,Fresh,Veined,2339.5,280.2,13.3,81.6,322.0,761.9,Passed
FS-0766,2024-06-04,D. Brown,552067.5,7202988.9,1476.2,Gneiss,Moderate,Massive,199.9,102.8,147.1,84.4,44.6,1101.5,Passed
FS-0767,2024-08-26,D. Brown,557089.7,7199146.8,1542.3,Diorite,Weak,Foliated,92.3,96.0,65.6,169.4,20.6,377.6,Passed
FS-0768,2024-06-23,A. Smith,547726.9,7203855.3,1594.3,Quartzite,Fresh,Veined,43.3,91.5,166.1,182.0,20.6,945.8,Failed
FS-0769,2024-03-14,B. Johnson,549729.4,7200069.2,1592.3,Granite,Strong,Massive,105.0,94.2,91.4,252.5,18.2,1771.3,Failed
FS-0770,2024-10-02,C. Williams,559766.5,7203713.9,1622.0,Granite,Strong,Brecciated,247.8,120.3,112.7,215.1,36.3,1717.4,Passed
FS-0771,2024-10-17,A. Smith,545972.0,7202411.7,1234.8,Gneiss,Moderate,Veined,313.3,92.9,106.1,178.6,51.5,997.9,Passed
FS-0772,2024-11-01,B. Johnson,555278.7,7200978.9,1290.6,Gneiss,Strong,Massive,860.7,148.0,113.9,71.8,116.9,1220.7,Failed
FS-0773,2024-11-21,D. Brown,556762.1,7196474.4,1660.2,Granite,Strong,Massive,801.1,79.9,96.4,65.6,126.2,1065.9,Passed
FS-0774,2024-11-05,D. Brown,558402.0,7198358.6,1743.2,Gneiss,Strong,Veined,560.7,94.9,97.4,195.8,62.4,1752.1,Passed
FS-0775,2024-06-11,C. Williams,545199.0,7202302.6,1341.7,Granite,Weak,Foliated,18.0,57.4,182.0,126.5,17.5,1358.7,Failed
FS-0776,2024-10-20,B. Johnson,555663.6,7199202.4,1226.8,Basalt,Intense,Foliated,1415.6,262.8,47.7,174.7,225.7,999.1,Passed
FS-0777,2024-09-27,A. Smith,553741.7,7201568.7,1723.6,Gneiss,Strong,Massive,527.8,105.9,91.0,108.8,75.4,941.6,Passed
FS-0778,2024-07-01,B. Johnson,551348.9,7207843.4,1772.3,Granite,Fresh,Brecciated,28.6,75.8,175.0,125.9,11.2,1900.8,Passed
FS-0779,2024-10-23,B. Johnson,555549.5,7197209.5,1463.5,Granite,Intense,Brecciated,395.5,116.1,199.2,91.2,65.9,515.1,Passed
FS-0780,2024-09-28,C. Williams,549531.1,7200672.0,1522.5,Gneiss,Strong,Brecciated,97.4,66.5,58.4,77.7,18.6,420.2,Passed
FS-0781,2024-11-10,A. Smith,552305.8,7206110.9,1754.0,Gneiss,Fresh,Brecciated,15.4,87.7,64.5,299.6,14.8,610.3,Passed
FS-0782,2024-07-22,D. Brown,558340.4,7205578.5,1353.1,Gneiss,Weak,Brecciated,105.7,101.9,111.8,107.9,20.8,1346.5,Passed
FS-0783,2024-06-25,A. Smith,551371.3,7207791.1,1408.7,Quartzite,Fresh,Brecciated,77.4,63.8,124.0,131.9,17.0,947.9,Passed
FS-0784,2024-04-01,B. Johnson,556199.1,7208729.1,1366.7,Granite,Weak,Foliated,6.2,,197.8,225.8,14.8,1949.5,Failed
FS-0785,2024-06-14,D. Brown,556105.5,7196406.8,1718.5,Gneiss,Fresh,Veined,84.3,76.4,50.1,239.8,18.4,830.8,Passed
FS-0786,2024-07-28,D. Brown,551514.2,7199607.5,1721.1,Schist,Fresh,Massive,,70.4,152.6,228.5,18.1,1357.1,Passed
FS-0787,2024-08-19,B. Johnson,552289.5,7201580.1,1710.5,Basalt,Fresh,Veined,241.9,96.1,10.5,78.3,54.6,1642.8,Passed
FS-0788,2024-04-24,B. Johnson,556726.9,7199066.3,1373.1,Quartzite,Moderate,Brecciated,144.2,66.2,55.8,93.0,29.2,654.8,Passed
FS-0789,2024-07-13,A. Smith,552233.0,7203703.9,1318.8,Basalt,Fresh,Massive,7.6,46.2,22.1,266.2,13.6,214.5,Passed
FS-0790,2024-08-10,B. Johnson,554759.5,7201373.9,1508.3,Granite,Intense,Veined,501.9,95.7,49.2,52.8,78.6,365.8,Passed
FS-0791,2024-07-08,D. Brown,551188.3,7204469.6,1767.2,Granite,Strong,Massive,274.3,81.8,34.5,235.5,44.8,1710.1,Passed
FS-0792,2024-11-21,A. Smith,549409.5,7200287.9,1318.8,Quartzite,Fresh,Veined,335.4,66.0,72.0,254.4,61.2,502.8,Passed
FS-0793,2024-04-10,B. Johnson,549885.1,7200074.1,1389.0,Basalt,Moderate,Foliated,72.7,36.0,36.0,40.1,23.0,1984.2,Passed
FS-0794,2024-05-06,B. Johnson,549475.3,7200506.7,1257.4,Quartzite,Intense,Massive,1083.7,149.2,46.6,203.3,115.5,854.5,Failed
FS-0795,2024-09-04,B. Johnson,549959.0,7199619.3,1699.4,Schist,Moderate,Veined,198.9,93.5,91.4,31.3,32.4,674.7,Failed
FS-0796,2024-09-14,B. Johnson,549976.7,7199191.6,1550.0,Basalt,Weak,Brecciated,815.3,144.6,118.8,202.0,110.8,848.9,Passed
FS-0797,2024-06-12,D. Brown,546381.7,7205325.4,1798.4,Schist,Moderate,Veined,336.6,95.6,56.8,202.7,56.9,309.0,Passed
FS-0798,2024-09-10,A. Smith,550098.1,7199529.9,1349.5,Gneiss,Moderate,Foliated,182.8,76.9,70.4,93.0,36.4,575.1,Passed
FS-0799,2024-05-25,C. Williams,547311.4,7198038.2,1746.5,Schist,Strong,Foliated,148.0,94.9,89.5,83.1,27.3,1325.5,Passed
FS-0800,2024-08-09,B. Johnson,549299.3,7203227.9,1500.1,Schist,Weak,Massive,42.3,71.7,54.9,194.3,12.8,1801.0,Failed
